[
{
  "model": "admin.logentry",
  "pk": 28,
  "fields": {
    "action_time": "2022-04-15T05:41:40.245Z",
    "user": 2,
    "content_type": 20,
    "object_id": "1",
    "object_repr": "1 by (1) (User: passenger@yyc.ca), resolved by None",
    "action_flag": 3,
    "change_message": ""
  }
},
{
  "model": "admin.logentry",
  "pk": 29,
  "fields": {
    "action_time": "2022-04-15T06:28:57.603Z",
    "user": 2,
    "content_type": 9,
    "object_id": "1",
    "object_repr": "(1) (2) WestJet - Boeing 737-800",
    "action_flag": 1,
    "change_message": "[{\"added\": {}}]"
  }
},
{
  "model": "admin.logentry",
  "pk": 30,
  "fields": {
    "action_time": "2022-04-15T06:29:31.305Z",
    "user": 2,
    "content_type": 9,
    "object_id": "2",
    "object_repr": "(2) (4) Emirates - Boeing 777-200ER",
    "action_flag": 1,
    "change_message": "[{\"added\": {}}]"
  }
},
{
  "model": "admin.logentry",
  "pk": 31,
  "fields": {
    "action_time": "2022-04-15T06:32:22.100Z",
    "user": 2,
    "content_type": 9,
    "object_id": "3",
    "object_repr": "(3) (2) WestJet - Airbus A320",
    "action_flag": 1,
    "change_message": "[{\"added\": {}}]"
  }
},
{
  "model": "admin.logentry",
  "pk": 32,
  "fields": {
    "action_time": "2022-04-15T06:33:09.215Z",
    "user": 2,
    "content_type": 9,
    "object_id": "4",
    "object_repr": "(4) (1) Qatar Airways - Airbus A380-800",
    "action_flag": 1,
    "change_message": "[{\"added\": {}}]"
  }
},
{
  "model": "admin.logentry",
  "pk": 33,
  "fields": {
    "action_time": "2022-04-15T06:34:43.161Z",
    "user": 2,
    "content_type": 9,
    "object_id": "5",
    "object_repr": "(5) (7) British Airways - Boeing 787-10",
    "action_flag": 1,
    "change_message": "[{\"added\": {}}]"
  }
},
{
  "model": "admin.logentry",
  "pk": 34,
  "fields": {
    "action_time": "2022-04-15T06:36:08.361Z",
    "user": 2,
    "content_type": 9,
    "object_id": "6",
    "object_repr": "(6) (4) Emirates - Boeing 777X",
    "action_flag": 1,
    "change_message": "[{\"added\": {}}]"
  }
},
{
  "model": "admin.logentry",
  "pk": 35,
  "fields": {
    "action_time": "2022-04-15T06:36:56.503Z",
    "user": 2,
    "content_type": 9,
    "object_id": "7",
    "object_repr": "(7) (8) Japan Airlines - Boeing 777X",
    "action_flag": 1,
    "change_message": "[{\"added\": {}}]"
  }
},
{
  "model": "admin.logentry",
  "pk": 36,
  "fields": {
    "action_time": "2022-04-15T06:38:10.541Z",
    "user": 2,
    "content_type": 9,
    "object_id": "8",
    "object_repr": "(8) (3) Air Canada - Boeing 737-500",
    "action_flag": 1,
    "change_message": "[{\"added\": {}}]"
  }
},
{
  "model": "admin.logentry",
  "pk": 37,
  "fields": {
    "action_time": "2022-04-15T06:38:57.784Z",
    "user": 2,
    "content_type": 9,
    "object_id": "9",
    "object_repr": "(9) (1) Qatar Airways - Boeing 777-200ER",
    "action_flag": 1,
    "change_message": "[{\"added\": {}}]"
  }
},
{
  "model": "admin.logentry",
  "pk": 38,
  "fields": {
    "action_time": "2022-04-15T06:39:27.896Z",
    "user": 2,
    "content_type": 9,
    "object_id": "10",
    "object_repr": "(10) (3) Air Canada - Airbus A320",
    "action_flag": 1,
    "change_message": "[{\"added\": {}}]"
  }
},
{
  "model": "admin.logentry",
  "pk": 39,
  "fields": {
    "action_time": "2022-04-15T06:41:10.249Z",
    "user": 2,
    "content_type": 17,
    "object_id": "1",
    "object_repr": "(1) (2) WestJet",
    "action_flag": 1,
    "change_message": "[{\"added\": {}}]"
  }
},
{
  "model": "admin.logentry",
  "pk": 40,
  "fields": {
    "action_time": "2022-04-15T06:42:18.811Z",
    "user": 2,
    "content_type": 17,
    "object_id": "2",
    "object_repr": "(2) (2) WestJet",
    "action_flag": 1,
    "change_message": "[{\"added\": {}}]"
  }
},
{
  "model": "admin.logentry",
  "pk": 41,
  "fields": {
    "action_time": "2022-04-15T06:42:59.253Z",
    "user": 2,
    "content_type": 17,
    "object_id": "3",
    "object_repr": "(3) (3) Air Canada",
    "action_flag": 1,
    "change_message": "[{\"added\": {}}]"
  }
},
{
  "model": "admin.logentry",
  "pk": 42,
  "fields": {
    "action_time": "2022-04-15T06:43:17.582Z",
    "user": 2,
    "content_type": 17,
    "object_id": "1",
    "object_repr": "(1) (2) WestJet",
    "action_flag": 2,
    "change_message": "[{\"changed\": {\"fields\": [\"Arrival time\"]}}]"
  }
},
{
  "model": "admin.logentry",
  "pk": 43,
  "fields": {
    "action_time": "2022-04-15T06:46:09.898Z",
    "user": 2,
    "content_type": 17,
    "object_id": "4",
    "object_repr": "(4) (4) Emirates",
    "action_flag": 1,
    "change_message": "[{\"added\": {}}]"
  }
},
{
  "model": "admin.logentry",
  "pk": 44,
  "fields": {
    "action_time": "2022-04-15T06:46:49.188Z",
    "user": 2,
    "content_type": 17,
    "object_id": "5",
    "object_repr": "(5) (1) Qatar Airways",
    "action_flag": 1,
    "change_message": "[{\"added\": {}}]"
  }
},
{
  "model": "admin.logentry",
  "pk": 45,
  "fields": {
    "action_time": "2022-04-15T06:51:13.864Z",
    "user": 2,
    "content_type": 7,
    "object_id": "9",
    "object_repr": "(9) Pakistan International Airlines",
    "action_flag": 1,
    "change_message": "[{\"added\": {}}]"
  }
},
{
  "model": "admin.logentry",
  "pk": 46,
  "fields": {
    "action_time": "2022-04-15T06:51:41.788Z",
    "user": 2,
    "content_type": 9,
    "object_id": "11",
    "object_repr": "(11) (9) Pakistan International Airlines - Boeing 777X",
    "action_flag": 1,
    "change_message": "[{\"added\": {}}]"
  }
},
{
  "model": "admin.logentry",
  "pk": 47,
  "fields": {
    "action_time": "2022-04-15T06:52:37.619Z",
    "user": 2,
    "content_type": 17,
    "object_id": "6",
    "object_repr": "(6) (9) Pakistan International Airlines",
    "action_flag": 1,
    "change_message": "[{\"added\": {}}]"
  }
},
{
  "model": "admin.logentry",
  "pk": 48,
  "fields": {
    "action_time": "2022-04-15T06:57:25.802Z",
    "user": 2,
    "content_type": 6,
    "object_id": "4",
    "object_repr": "yyc-admin@yyc.ca",
    "action_flag": 1,
    "change_message": "[{\"added\": {}}]"
  }
},
{
  "model": "admin.logentry",
  "pk": 49,
  "fields": {
    "action_time": "2022-04-15T06:58:21.447Z",
    "user": 2,
    "content_type": 10,
    "object_id": "1",
    "object_repr": "(1) (User: yyc-admin@yyc.ca)",
    "action_flag": 1,
    "change_message": "[{\"added\": {}}]"
  }
},
{
  "model": "admin.logentry",
  "pk": 50,
  "fields": {
    "action_time": "2022-04-15T07:19:35.325Z",
    "user": 2,
    "content_type": 6,
    "object_id": "5",
    "object_repr": "westjet-admin@yyc.ca",
    "action_flag": 1,
    "change_message": "[{\"added\": {}}]"
  }
},
{
  "model": "admin.logentry",
  "pk": 51,
  "fields": {
    "action_time": "2022-04-15T07:19:47.452Z",
    "user": 2,
    "content_type": 8,
    "object_id": "1",
    "object_repr": "(1) (User: westjet-admin@yyc.ca)",
    "action_flag": 1,
    "change_message": "[{\"added\": {}}]"
  }
},
{
  "model": "admin.logentry",
  "pk": 52,
  "fields": {
    "action_time": "2022-04-15T09:24:40.192Z",
    "user": 2,
    "content_type": 18,
    "object_id": "1",
    "object_repr": "(1) (6) (9) Pakistan International Airlines - Economy",
    "action_flag": 1,
    "change_message": "[{\"added\": {}}]"
  }
},
{
  "model": "admin.logentry",
  "pk": 53,
  "fields": {
    "action_time": "2022-04-15T11:27:25.406Z",
    "user": 2,
    "content_type": 16,
    "object_id": "1",
    "object_repr": "(1) stay 1",
    "action_flag": 3,
    "change_message": ""
  }
},
{
  "model": "admin.logentry",
  "pk": 54,
  "fields": {
    "action_time": "2022-04-15T20:36:22.412Z",
    "user": 2,
    "content_type": 17,
    "object_id": "6",
    "object_repr": "(6) (9) Pakistan International Airlines",
    "action_flag": 3,
    "change_message": ""
  }
},
{
  "model": "admin.logentry",
  "pk": 55,
  "fields": {
    "action_time": "2022-04-15T20:36:22.435Z",
    "user": 2,
    "content_type": 17,
    "object_id": "5",
    "object_repr": "(5) (1) Qatar Airways",
    "action_flag": 3,
    "change_message": ""
  }
},
{
  "model": "admin.logentry",
  "pk": 56,
  "fields": {
    "action_time": "2022-04-15T20:36:22.445Z",
    "user": 2,
    "content_type": 17,
    "object_id": "4",
    "object_repr": "(4) (4) Emirates",
    "action_flag": 3,
    "change_message": ""
  }
},
{
  "model": "admin.logentry",
  "pk": 57,
  "fields": {
    "action_time": "2022-04-15T20:36:22.454Z",
    "user": 2,
    "content_type": 17,
    "object_id": "3",
    "object_repr": "(3) (3) Air Canada",
    "action_flag": 3,
    "change_message": ""
  }
},
{
  "model": "admin.logentry",
  "pk": 58,
  "fields": {
    "action_time": "2022-04-15T20:36:22.463Z",
    "user": 2,
    "content_type": 17,
    "object_id": "2",
    "object_repr": "(2) (2) WestJet",
    "action_flag": 3,
    "change_message": ""
  }
},
{
  "model": "admin.logentry",
  "pk": 59,
  "fields": {
    "action_time": "2022-04-15T20:36:22.473Z",
    "user": 2,
    "content_type": 17,
    "object_id": "1",
    "object_repr": "(1) (2) WestJet",
    "action_flag": 3,
    "change_message": ""
  }
},
{
  "model": "admin.logentry",
  "pk": 60,
  "fields": {
    "action_time": "2022-04-15T20:37:01.565Z",
    "user": 2,
    "content_type": 11,
    "object_id": "1",
    "object_repr": "(1) Company 1",
    "action_flag": 3,
    "change_message": ""
  }
},
{
  "model": "admin.logentry",
  "pk": 61,
  "fields": {
    "action_time": "2022-04-15T21:29:07.540Z",
    "user": 2,
    "content_type": 6,
    "object_id": "6",
    "object_repr": "etihad-admin@yyc.ca",
    "action_flag": 1,
    "change_message": "[{\"added\": {}}]"
  }
},
{
  "model": "admin.logentry",
  "pk": 62,
  "fields": {
    "action_time": "2022-04-15T21:29:25.175Z",
    "user": 2,
    "content_type": 8,
    "object_id": "2",
    "object_repr": "(2) (User: etihad-admin@yyc.ca)",
    "action_flag": 1,
    "change_message": "[{\"added\": {}}]"
  }
},
{
  "model": "admin.logentry",
  "pk": 63,
  "fields": {
    "action_time": "2022-04-15T21:30:01.153Z",
    "user": 2,
    "content_type": 6,
    "object_id": "6",
    "object_repr": "emirates-admin@yyc.ca",
    "action_flag": 2,
    "change_message": "[{\"changed\": {\"fields\": [\"Email\"]}}]"
  }
},
{
  "model": "admin.logentry",
  "pk": 64,
  "fields": {
    "action_time": "2022-04-15T21:30:15.450Z",
    "user": 2,
    "content_type": 7,
    "object_id": "10",
    "object_repr": "(10) Etihad",
    "action_flag": 1,
    "change_message": "[{\"added\": {}}]"
  }
},
{
  "model": "admin.logentry",
  "pk": 65,
  "fields": {
    "action_time": "2022-04-15T23:51:04.908Z",
    "user": 2,
    "content_type": 18,
    "object_id": "2",
    "object_repr": "(2) (7) (2) WestJet - Economy",
    "action_flag": 2,
    "change_message": "[{\"changed\": {\"fields\": [\"Tickets quantity\"]}}]"
  }
},
{
  "model": "admin.logentry",
  "pk": 66,
  "fields": {
    "action_time": "2022-04-15T23:51:09.739Z",
    "user": 2,
    "content_type": 18,
    "object_id": "2",
    "object_repr": "(2) (7) (2) WestJet - Economy",
    "action_flag": 2,
    "change_message": "[]"
  }
},
{
  "model": "admin.logentry",
  "pk": 67,
  "fields": {
    "action_time": "2022-04-15T23:51:15.948Z",
    "user": 2,
    "content_type": 18,
    "object_id": "3",
    "object_repr": "(3) (7) (2) WestJet - Business",
    "action_flag": 2,
    "change_message": "[{\"changed\": {\"fields\": [\"Tickets quantity\"]}}]"
  }
},
{
  "model": "admin.logentry",
  "pk": 68,
  "fields": {
    "action_time": "2022-04-15T23:51:25.086Z",
    "user": 2,
    "content_type": 19,
    "object_id": "2",
    "object_repr": "2",
    "action_flag": 3,
    "change_message": ""
  }
},
{
  "model": "admin.logentry",
  "pk": 69,
  "fields": {
    "action_time": "2022-04-15T23:51:25.095Z",
    "user": 2,
    "content_type": 19,
    "object_id": "1",
    "object_repr": "1",
    "action_flag": 3,
    "change_message": ""
  }
},
{
  "model": "admin.logentry",
  "pk": 70,
  "fields": {
    "action_time": "2022-04-15T23:55:53.762Z",
    "user": 2,
    "content_type": 19,
    "object_id": "4",
    "object_repr": "4",
    "action_flag": 3,
    "change_message": ""
  }
},
{
  "model": "admin.logentry",
  "pk": 71,
  "fields": {
    "action_time": "2022-04-15T23:55:53.773Z",
    "user": 2,
    "content_type": 19,
    "object_id": "3",
    "object_repr": "3",
    "action_flag": 3,
    "change_message": ""
  }
},
{
  "model": "admin.logentry",
  "pk": 72,
  "fields": {
    "action_time": "2022-04-16T00:04:01.488Z",
    "user": 2,
    "content_type": 19,
    "object_id": "5",
    "object_repr": "5",
    "action_flag": 3,
    "change_message": ""
  }
},
{
  "model": "admin.logentry",
  "pk": 73,
  "fields": {
    "action_time": "2022-04-16T00:10:19.504Z",
    "user": 2,
    "content_type": 19,
    "object_id": "9",
    "object_repr": "9",
    "action_flag": 3,
    "change_message": ""
  }
},
{
  "model": "admin.logentry",
  "pk": 74,
  "fields": {
    "action_time": "2022-04-16T00:10:19.516Z",
    "user": 2,
    "content_type": 19,
    "object_id": "8",
    "object_repr": "8",
    "action_flag": 3,
    "change_message": ""
  }
},
{
  "model": "admin.logentry",
  "pk": 75,
  "fields": {
    "action_time": "2022-04-16T03:18:50.156Z",
    "user": 2,
    "content_type": 16,
    "object_id": "4",
    "object_repr": "(4) A stay",
    "action_flag": 3,
    "change_message": ""
  }
},
{
  "model": "admin.logentry",
  "pk": 76,
  "fields": {
    "action_time": "2022-04-16T04:16:00.614Z",
    "user": 2,
    "content_type": 16,
    "object_id": "5",
    "object_repr": "(5) stay 2",
    "action_flag": 3,
    "change_message": ""
  }
},
{
  "model": "admin.logentry",
  "pk": 77,
  "fields": {
    "action_time": "2022-04-16T04:16:00.630Z",
    "user": 2,
    "content_type": 16,
    "object_id": "3",
    "object_repr": "(3) Stay 1",
    "action_flag": 3,
    "change_message": ""
  }
},
{
  "model": "admin.logentry",
  "pk": 78,
  "fields": {
    "action_time": "2022-04-16T04:16:11.880Z",
    "user": 2,
    "content_type": 19,
    "object_id": "13",
    "object_repr": "13",
    "action_flag": 3,
    "change_message": ""
  }
},
{
  "model": "admin.logentry",
  "pk": 79,
  "fields": {
    "action_time": "2022-04-16T04:16:11.890Z",
    "user": 2,
    "content_type": 19,
    "object_id": "12",
    "object_repr": "12",
    "action_flag": 3,
    "change_message": ""
  }
},
{
  "model": "admin.logentry",
  "pk": 80,
  "fields": {
    "action_time": "2022-04-16T04:16:11.898Z",
    "user": 2,
    "content_type": 19,
    "object_id": "11",
    "object_repr": "11",
    "action_flag": 3,
    "change_message": ""
  }
},
{
  "model": "admin.logentry",
  "pk": 81,
  "fields": {
    "action_time": "2022-04-16T04:16:11.906Z",
    "user": 2,
    "content_type": 19,
    "object_id": "10",
    "object_repr": "10",
    "action_flag": 3,
    "change_message": ""
  }
},
{
  "model": "admin.logentry",
  "pk": 82,
  "fields": {
    "action_time": "2022-04-16T04:18:27.202Z",
    "user": 2,
    "content_type": 15,
    "object_id": "76",
    "object_repr": "76 by (1) (User: passenger@yyc.ca)",
    "action_flag": 3,
    "change_message": ""
  }
},
{
  "model": "admin.logentry",
  "pk": 83,
  "fields": {
    "action_time": "2022-04-16T04:18:27.211Z",
    "user": 2,
    "content_type": 15,
    "object_id": "75",
    "object_repr": "75 by (1) (User: passenger@yyc.ca)",
    "action_flag": 3,
    "change_message": ""
  }
},
{
  "model": "admin.logentry",
  "pk": 84,
  "fields": {
    "action_time": "2022-04-16T04:18:27.220Z",
    "user": 2,
    "content_type": 15,
    "object_id": "74",
    "object_repr": "74 by (1) (User: passenger@yyc.ca)",
    "action_flag": 3,
    "change_message": ""
  }
},
{
  "model": "admin.logentry",
  "pk": 85,
  "fields": {
    "action_time": "2022-04-16T04:18:27.228Z",
    "user": 2,
    "content_type": 15,
    "object_id": "73",
    "object_repr": "73 by (1) (User: passenger@yyc.ca)",
    "action_flag": 3,
    "change_message": ""
  }
},
{
  "model": "admin.logentry",
  "pk": 86,
  "fields": {
    "action_time": "2022-04-16T04:18:27.237Z",
    "user": 2,
    "content_type": 15,
    "object_id": "72",
    "object_repr": "72 by (1) (User: passenger@yyc.ca)",
    "action_flag": 3,
    "change_message": ""
  }
},
{
  "model": "admin.logentry",
  "pk": 87,
  "fields": {
    "action_time": "2022-04-16T04:18:27.245Z",
    "user": 2,
    "content_type": 15,
    "object_id": "71",
    "object_repr": "71 by (1) (User: passenger@yyc.ca)",
    "action_flag": 3,
    "change_message": ""
  }
},
{
  "model": "admin.logentry",
  "pk": 88,
  "fields": {
    "action_time": "2022-04-16T04:18:27.255Z",
    "user": 2,
    "content_type": 15,
    "object_id": "70",
    "object_repr": "70 by (1) (User: passenger@yyc.ca)",
    "action_flag": 3,
    "change_message": ""
  }
},
{
  "model": "admin.logentry",
  "pk": 89,
  "fields": {
    "action_time": "2022-04-16T04:18:27.263Z",
    "user": 2,
    "content_type": 15,
    "object_id": "69",
    "object_repr": "69 by (1) (User: passenger@yyc.ca)",
    "action_flag": 3,
    "change_message": ""
  }
},
{
  "model": "admin.logentry",
  "pk": 90,
  "fields": {
    "action_time": "2022-04-16T04:18:27.271Z",
    "user": 2,
    "content_type": 15,
    "object_id": "68",
    "object_repr": "68 by (1) (User: passenger@yyc.ca)",
    "action_flag": 3,
    "change_message": ""
  }
},
{
  "model": "admin.logentry",
  "pk": 91,
  "fields": {
    "action_time": "2022-04-16T04:18:27.280Z",
    "user": 2,
    "content_type": 15,
    "object_id": "67",
    "object_repr": "67 by (1) (User: passenger@yyc.ca)",
    "action_flag": 3,
    "change_message": ""
  }
},
{
  "model": "admin.logentry",
  "pk": 92,
  "fields": {
    "action_time": "2022-04-16T04:18:27.288Z",
    "user": 2,
    "content_type": 15,
    "object_id": "66",
    "object_repr": "66 by (1) (User: passenger@yyc.ca)",
    "action_flag": 3,
    "change_message": ""
  }
},
{
  "model": "admin.logentry",
  "pk": 93,
  "fields": {
    "action_time": "2022-04-16T04:18:27.296Z",
    "user": 2,
    "content_type": 15,
    "object_id": "65",
    "object_repr": "65 by (1) (User: passenger@yyc.ca)",
    "action_flag": 3,
    "change_message": ""
  }
},
{
  "model": "admin.logentry",
  "pk": 94,
  "fields": {
    "action_time": "2022-04-16T04:18:27.305Z",
    "user": 2,
    "content_type": 15,
    "object_id": "64",
    "object_repr": "64 by (1) (User: passenger@yyc.ca)",
    "action_flag": 3,
    "change_message": ""
  }
},
{
  "model": "admin.logentry",
  "pk": 95,
  "fields": {
    "action_time": "2022-04-16T04:18:27.313Z",
    "user": 2,
    "content_type": 15,
    "object_id": "63",
    "object_repr": "63 by (1) (User: passenger@yyc.ca)",
    "action_flag": 3,
    "change_message": ""
  }
},
{
  "model": "admin.logentry",
  "pk": 96,
  "fields": {
    "action_time": "2022-04-16T04:18:27.321Z",
    "user": 2,
    "content_type": 15,
    "object_id": "62",
    "object_repr": "62 by (1) (User: passenger@yyc.ca)",
    "action_flag": 3,
    "change_message": ""
  }
},
{
  "model": "admin.logentry",
  "pk": 97,
  "fields": {
    "action_time": "2022-04-16T04:18:27.329Z",
    "user": 2,
    "content_type": 15,
    "object_id": "61",
    "object_repr": "61 by (1) (User: passenger@yyc.ca)",
    "action_flag": 3,
    "change_message": ""
  }
},
{
  "model": "admin.logentry",
  "pk": 98,
  "fields": {
    "action_time": "2022-04-16T04:18:27.337Z",
    "user": 2,
    "content_type": 15,
    "object_id": "60",
    "object_repr": "60 by (1) (User: passenger@yyc.ca)",
    "action_flag": 3,
    "change_message": ""
  }
},
{
  "model": "admin.logentry",
  "pk": 99,
  "fields": {
    "action_time": "2022-04-16T04:18:27.344Z",
    "user": 2,
    "content_type": 15,
    "object_id": "59",
    "object_repr": "59 by (1) (User: passenger@yyc.ca)",
    "action_flag": 3,
    "change_message": ""
  }
},
{
  "model": "admin.logentry",
  "pk": 100,
  "fields": {
    "action_time": "2022-04-16T04:18:27.352Z",
    "user": 2,
    "content_type": 15,
    "object_id": "58",
    "object_repr": "58 by (1) (User: passenger@yyc.ca)",
    "action_flag": 3,
    "change_message": ""
  }
},
{
  "model": "admin.logentry",
  "pk": 101,
  "fields": {
    "action_time": "2022-04-16T04:18:27.360Z",
    "user": 2,
    "content_type": 15,
    "object_id": "57",
    "object_repr": "57 by (1) (User: passenger@yyc.ca)",
    "action_flag": 3,
    "change_message": ""
  }
},
{
  "model": "admin.logentry",
  "pk": 102,
  "fields": {
    "action_time": "2022-04-16T04:18:27.367Z",
    "user": 2,
    "content_type": 15,
    "object_id": "56",
    "object_repr": "56 by (1) (User: passenger@yyc.ca)",
    "action_flag": 3,
    "change_message": ""
  }
},
{
  "model": "admin.logentry",
  "pk": 103,
  "fields": {
    "action_time": "2022-04-16T04:18:27.375Z",
    "user": 2,
    "content_type": 15,
    "object_id": "55",
    "object_repr": "55 by (1) (User: passenger@yyc.ca)",
    "action_flag": 3,
    "change_message": ""
  }
},
{
  "model": "admin.logentry",
  "pk": 104,
  "fields": {
    "action_time": "2022-04-16T04:18:27.382Z",
    "user": 2,
    "content_type": 15,
    "object_id": "54",
    "object_repr": "54 by (1) (User: passenger@yyc.ca)",
    "action_flag": 3,
    "change_message": ""
  }
},
{
  "model": "admin.logentry",
  "pk": 105,
  "fields": {
    "action_time": "2022-04-16T04:18:27.391Z",
    "user": 2,
    "content_type": 15,
    "object_id": "53",
    "object_repr": "53 by (1) (User: passenger@yyc.ca)",
    "action_flag": 3,
    "change_message": ""
  }
},
{
  "model": "admin.logentry",
  "pk": 106,
  "fields": {
    "action_time": "2022-04-16T04:18:27.399Z",
    "user": 2,
    "content_type": 15,
    "object_id": "52",
    "object_repr": "52 by (1) (User: passenger@yyc.ca)",
    "action_flag": 3,
    "change_message": ""
  }
},
{
  "model": "admin.logentry",
  "pk": 107,
  "fields": {
    "action_time": "2022-04-16T04:18:27.407Z",
    "user": 2,
    "content_type": 15,
    "object_id": "51",
    "object_repr": "51 by (1) (User: passenger@yyc.ca)",
    "action_flag": 3,
    "change_message": ""
  }
},
{
  "model": "admin.logentry",
  "pk": 108,
  "fields": {
    "action_time": "2022-04-16T04:18:27.415Z",
    "user": 2,
    "content_type": 15,
    "object_id": "50",
    "object_repr": "50 by (1) (User: passenger@yyc.ca)",
    "action_flag": 3,
    "change_message": ""
  }
},
{
  "model": "admin.logentry",
  "pk": 109,
  "fields": {
    "action_time": "2022-04-16T04:18:27.423Z",
    "user": 2,
    "content_type": 15,
    "object_id": "49",
    "object_repr": "49 by (1) (User: passenger@yyc.ca)",
    "action_flag": 3,
    "change_message": ""
  }
},
{
  "model": "admin.logentry",
  "pk": 110,
  "fields": {
    "action_time": "2022-04-16T04:18:27.431Z",
    "user": 2,
    "content_type": 15,
    "object_id": "48",
    "object_repr": "48 by (1) (User: passenger@yyc.ca)",
    "action_flag": 3,
    "change_message": ""
  }
},
{
  "model": "admin.logentry",
  "pk": 111,
  "fields": {
    "action_time": "2022-04-16T04:18:27.439Z",
    "user": 2,
    "content_type": 15,
    "object_id": "47",
    "object_repr": "47 by (1) (User: passenger@yyc.ca)",
    "action_flag": 3,
    "change_message": ""
  }
},
{
  "model": "admin.logentry",
  "pk": 112,
  "fields": {
    "action_time": "2022-04-16T04:18:27.447Z",
    "user": 2,
    "content_type": 15,
    "object_id": "46",
    "object_repr": "46 by (1) (User: passenger@yyc.ca)",
    "action_flag": 3,
    "change_message": ""
  }
},
{
  "model": "admin.logentry",
  "pk": 113,
  "fields": {
    "action_time": "2022-04-16T04:18:27.457Z",
    "user": 2,
    "content_type": 15,
    "object_id": "45",
    "object_repr": "45 by (1) (User: passenger@yyc.ca)",
    "action_flag": 3,
    "change_message": ""
  }
},
{
  "model": "admin.logentry",
  "pk": 114,
  "fields": {
    "action_time": "2022-04-16T04:18:27.465Z",
    "user": 2,
    "content_type": 15,
    "object_id": "44",
    "object_repr": "44 by (1) (User: passenger@yyc.ca)",
    "action_flag": 3,
    "change_message": ""
  }
},
{
  "model": "admin.logentry",
  "pk": 115,
  "fields": {
    "action_time": "2022-04-16T04:18:27.473Z",
    "user": 2,
    "content_type": 15,
    "object_id": "43",
    "object_repr": "43 by (1) (User: passenger@yyc.ca)",
    "action_flag": 3,
    "change_message": ""
  }
},
{
  "model": "admin.logentry",
  "pk": 116,
  "fields": {
    "action_time": "2022-04-16T04:18:27.481Z",
    "user": 2,
    "content_type": 15,
    "object_id": "42",
    "object_repr": "42 by (1) (User: passenger@yyc.ca)",
    "action_flag": 3,
    "change_message": ""
  }
},
{
  "model": "admin.logentry",
  "pk": 117,
  "fields": {
    "action_time": "2022-04-16T04:18:27.489Z",
    "user": 2,
    "content_type": 15,
    "object_id": "41",
    "object_repr": "41 by (1) (User: passenger@yyc.ca)",
    "action_flag": 3,
    "change_message": ""
  }
},
{
  "model": "admin.logentry",
  "pk": 118,
  "fields": {
    "action_time": "2022-04-16T04:18:27.497Z",
    "user": 2,
    "content_type": 15,
    "object_id": "40",
    "object_repr": "40 by (1) (User: passenger@yyc.ca)",
    "action_flag": 3,
    "change_message": ""
  }
},
{
  "model": "admin.logentry",
  "pk": 119,
  "fields": {
    "action_time": "2022-04-16T04:18:27.505Z",
    "user": 2,
    "content_type": 15,
    "object_id": "39",
    "object_repr": "39 by (1) (User: passenger@yyc.ca)",
    "action_flag": 3,
    "change_message": ""
  }
},
{
  "model": "admin.logentry",
  "pk": 120,
  "fields": {
    "action_time": "2022-04-16T04:18:27.512Z",
    "user": 2,
    "content_type": 15,
    "object_id": "38",
    "object_repr": "38 by (1) (User: passenger@yyc.ca)",
    "action_flag": 3,
    "change_message": ""
  }
},
{
  "model": "admin.logentry",
  "pk": 121,
  "fields": {
    "action_time": "2022-04-16T04:18:27.520Z",
    "user": 2,
    "content_type": 15,
    "object_id": "37",
    "object_repr": "37 by (1) (User: passenger@yyc.ca)",
    "action_flag": 3,
    "change_message": ""
  }
},
{
  "model": "admin.logentry",
  "pk": 122,
  "fields": {
    "action_time": "2022-04-16T04:18:27.528Z",
    "user": 2,
    "content_type": 15,
    "object_id": "36",
    "object_repr": "36 by (1) (User: passenger@yyc.ca)",
    "action_flag": 3,
    "change_message": ""
  }
},
{
  "model": "admin.logentry",
  "pk": 123,
  "fields": {
    "action_time": "2022-04-16T04:18:27.537Z",
    "user": 2,
    "content_type": 15,
    "object_id": "35",
    "object_repr": "35 by (1) (User: passenger@yyc.ca)",
    "action_flag": 3,
    "change_message": ""
  }
},
{
  "model": "admin.logentry",
  "pk": 124,
  "fields": {
    "action_time": "2022-04-16T04:18:27.544Z",
    "user": 2,
    "content_type": 15,
    "object_id": "34",
    "object_repr": "34 by (1) (User: passenger@yyc.ca)",
    "action_flag": 3,
    "change_message": ""
  }
},
{
  "model": "admin.logentry",
  "pk": 125,
  "fields": {
    "action_time": "2022-04-16T04:18:27.553Z",
    "user": 2,
    "content_type": 15,
    "object_id": "33",
    "object_repr": "33 by (1) (User: passenger@yyc.ca)",
    "action_flag": 3,
    "change_message": ""
  }
},
{
  "model": "admin.logentry",
  "pk": 126,
  "fields": {
    "action_time": "2022-04-16T04:18:27.561Z",
    "user": 2,
    "content_type": 15,
    "object_id": "32",
    "object_repr": "32 by (1) (User: passenger@yyc.ca)",
    "action_flag": 3,
    "change_message": ""
  }
},
{
  "model": "admin.logentry",
  "pk": 127,
  "fields": {
    "action_time": "2022-04-16T04:18:27.569Z",
    "user": 2,
    "content_type": 15,
    "object_id": "31",
    "object_repr": "31 by (1) (User: passenger@yyc.ca)",
    "action_flag": 3,
    "change_message": ""
  }
},
{
  "model": "admin.logentry",
  "pk": 128,
  "fields": {
    "action_time": "2022-04-16T04:18:27.576Z",
    "user": 2,
    "content_type": 15,
    "object_id": "30",
    "object_repr": "30 by (1) (User: passenger@yyc.ca)",
    "action_flag": 3,
    "change_message": ""
  }
},
{
  "model": "admin.logentry",
  "pk": 129,
  "fields": {
    "action_time": "2022-04-16T04:18:27.584Z",
    "user": 2,
    "content_type": 15,
    "object_id": "29",
    "object_repr": "29 by (1) (User: passenger@yyc.ca)",
    "action_flag": 3,
    "change_message": ""
  }
},
{
  "model": "admin.logentry",
  "pk": 130,
  "fields": {
    "action_time": "2022-04-16T04:18:27.591Z",
    "user": 2,
    "content_type": 15,
    "object_id": "28",
    "object_repr": "28 by (1) (User: passenger@yyc.ca)",
    "action_flag": 3,
    "change_message": ""
  }
},
{
  "model": "admin.logentry",
  "pk": 131,
  "fields": {
    "action_time": "2022-04-16T04:18:27.599Z",
    "user": 2,
    "content_type": 15,
    "object_id": "27",
    "object_repr": "27 by (1) (User: passenger@yyc.ca)",
    "action_flag": 3,
    "change_message": ""
  }
},
{
  "model": "admin.logentry",
  "pk": 132,
  "fields": {
    "action_time": "2022-04-16T04:18:27.607Z",
    "user": 2,
    "content_type": 15,
    "object_id": "26",
    "object_repr": "26 by (1) (User: passenger@yyc.ca)",
    "action_flag": 3,
    "change_message": ""
  }
},
{
  "model": "admin.logentry",
  "pk": 133,
  "fields": {
    "action_time": "2022-04-16T04:18:27.619Z",
    "user": 2,
    "content_type": 15,
    "object_id": "25",
    "object_repr": "25 by (1) (User: passenger@yyc.ca)",
    "action_flag": 3,
    "change_message": ""
  }
},
{
  "model": "admin.logentry",
  "pk": 134,
  "fields": {
    "action_time": "2022-04-16T04:18:27.632Z",
    "user": 2,
    "content_type": 15,
    "object_id": "24",
    "object_repr": "24 by (1) (User: passenger@yyc.ca)",
    "action_flag": 3,
    "change_message": ""
  }
},
{
  "model": "admin.logentry",
  "pk": 135,
  "fields": {
    "action_time": "2022-04-16T04:18:27.645Z",
    "user": 2,
    "content_type": 15,
    "object_id": "23",
    "object_repr": "23 by (1) (User: passenger@yyc.ca)",
    "action_flag": 3,
    "change_message": ""
  }
},
{
  "model": "admin.logentry",
  "pk": 136,
  "fields": {
    "action_time": "2022-04-16T04:18:27.655Z",
    "user": 2,
    "content_type": 15,
    "object_id": "22",
    "object_repr": "22 by (1) (User: passenger@yyc.ca)",
    "action_flag": 3,
    "change_message": ""
  }
},
{
  "model": "admin.logentry",
  "pk": 137,
  "fields": {
    "action_time": "2022-04-16T04:18:27.665Z",
    "user": 2,
    "content_type": 15,
    "object_id": "21",
    "object_repr": "21 by (1) (User: passenger@yyc.ca)",
    "action_flag": 3,
    "change_message": ""
  }
},
{
  "model": "admin.logentry",
  "pk": 138,
  "fields": {
    "action_time": "2022-04-16T04:18:27.673Z",
    "user": 2,
    "content_type": 15,
    "object_id": "20",
    "object_repr": "20 by (1) (User: passenger@yyc.ca)",
    "action_flag": 3,
    "change_message": ""
  }
},
{
  "model": "admin.logentry",
  "pk": 139,
  "fields": {
    "action_time": "2022-04-16T04:18:27.681Z",
    "user": 2,
    "content_type": 15,
    "object_id": "19",
    "object_repr": "19 by (1) (User: passenger@yyc.ca)",
    "action_flag": 3,
    "change_message": ""
  }
},
{
  "model": "admin.logentry",
  "pk": 140,
  "fields": {
    "action_time": "2022-04-16T04:18:27.689Z",
    "user": 2,
    "content_type": 15,
    "object_id": "18",
    "object_repr": "18 by (1) (User: passenger@yyc.ca)",
    "action_flag": 3,
    "change_message": ""
  }
},
{
  "model": "admin.logentry",
  "pk": 141,
  "fields": {
    "action_time": "2022-04-16T04:18:27.698Z",
    "user": 2,
    "content_type": 15,
    "object_id": "17",
    "object_repr": "17 by (1) (User: passenger@yyc.ca)",
    "action_flag": 3,
    "change_message": ""
  }
},
{
  "model": "admin.logentry",
  "pk": 142,
  "fields": {
    "action_time": "2022-04-16T04:18:27.706Z",
    "user": 2,
    "content_type": 15,
    "object_id": "16",
    "object_repr": "16 by (1) (User: passenger@yyc.ca)",
    "action_flag": 3,
    "change_message": ""
  }
},
{
  "model": "admin.logentry",
  "pk": 143,
  "fields": {
    "action_time": "2022-04-16T04:18:27.714Z",
    "user": 2,
    "content_type": 15,
    "object_id": "15",
    "object_repr": "15 by (1) (User: passenger@yyc.ca)",
    "action_flag": 3,
    "change_message": ""
  }
},
{
  "model": "admin.logentry",
  "pk": 144,
  "fields": {
    "action_time": "2022-04-16T04:18:27.722Z",
    "user": 2,
    "content_type": 15,
    "object_id": "14",
    "object_repr": "14 by (1) (User: passenger@yyc.ca)",
    "action_flag": 3,
    "change_message": ""
  }
},
{
  "model": "admin.logentry",
  "pk": 145,
  "fields": {
    "action_time": "2022-04-16T04:18:27.730Z",
    "user": 2,
    "content_type": 15,
    "object_id": "13",
    "object_repr": "13 by (1) (User: passenger@yyc.ca)",
    "action_flag": 3,
    "change_message": ""
  }
},
{
  "model": "admin.logentry",
  "pk": 146,
  "fields": {
    "action_time": "2022-04-16T04:18:27.738Z",
    "user": 2,
    "content_type": 15,
    "object_id": "12",
    "object_repr": "12 by (1) (User: passenger@yyc.ca)",
    "action_flag": 3,
    "change_message": ""
  }
},
{
  "model": "admin.logentry",
  "pk": 147,
  "fields": {
    "action_time": "2022-04-16T04:18:27.747Z",
    "user": 2,
    "content_type": 15,
    "object_id": "11",
    "object_repr": "11 by (1) (User: passenger@yyc.ca)",
    "action_flag": 3,
    "change_message": ""
  }
},
{
  "model": "admin.logentry",
  "pk": 148,
  "fields": {
    "action_time": "2022-04-16T04:18:27.755Z",
    "user": 2,
    "content_type": 15,
    "object_id": "10",
    "object_repr": "10 by (1) (User: passenger@yyc.ca)",
    "action_flag": 3,
    "change_message": ""
  }
},
{
  "model": "admin.logentry",
  "pk": 149,
  "fields": {
    "action_time": "2022-04-16T04:18:27.764Z",
    "user": 2,
    "content_type": 15,
    "object_id": "9",
    "object_repr": "9 by (1) (User: passenger@yyc.ca)",
    "action_flag": 3,
    "change_message": ""
  }
},
{
  "model": "admin.logentry",
  "pk": 150,
  "fields": {
    "action_time": "2022-04-16T04:18:27.772Z",
    "user": 2,
    "content_type": 15,
    "object_id": "8",
    "object_repr": "8 by (1) (User: passenger@yyc.ca)",
    "action_flag": 3,
    "change_message": ""
  }
},
{
  "model": "admin.logentry",
  "pk": 151,
  "fields": {
    "action_time": "2022-04-16T04:18:27.780Z",
    "user": 2,
    "content_type": 15,
    "object_id": "7",
    "object_repr": "7 by (1) (User: passenger@yyc.ca)",
    "action_flag": 3,
    "change_message": ""
  }
},
{
  "model": "admin.logentry",
  "pk": 152,
  "fields": {
    "action_time": "2022-04-16T04:18:27.788Z",
    "user": 2,
    "content_type": 15,
    "object_id": "6",
    "object_repr": "6 by (1) (User: passenger@yyc.ca)",
    "action_flag": 3,
    "change_message": ""
  }
},
{
  "model": "admin.logentry",
  "pk": 153,
  "fields": {
    "action_time": "2022-04-16T04:18:27.796Z",
    "user": 2,
    "content_type": 15,
    "object_id": "5",
    "object_repr": "5 by (1) (User: passenger@yyc.ca)",
    "action_flag": 3,
    "change_message": ""
  }
},
{
  "model": "admin.logentry",
  "pk": 154,
  "fields": {
    "action_time": "2022-04-16T04:18:27.805Z",
    "user": 2,
    "content_type": 15,
    "object_id": "4",
    "object_repr": "4 by (1) (User: passenger@yyc.ca)",
    "action_flag": 3,
    "change_message": ""
  }
},
{
  "model": "admin.logentry",
  "pk": 155,
  "fields": {
    "action_time": "2022-04-16T04:18:27.813Z",
    "user": 2,
    "content_type": 15,
    "object_id": "3",
    "object_repr": "3 by (1) (User: passenger@yyc.ca)",
    "action_flag": 3,
    "change_message": ""
  }
},
{
  "model": "admin.logentry",
  "pk": 156,
  "fields": {
    "action_time": "2022-04-16T04:18:27.821Z",
    "user": 2,
    "content_type": 15,
    "object_id": "2",
    "object_repr": "2 by (1) (User: passenger@yyc.ca)",
    "action_flag": 3,
    "change_message": ""
  }
},
{
  "model": "admin.logentry",
  "pk": 157,
  "fields": {
    "action_time": "2022-04-16T04:18:27.829Z",
    "user": 2,
    "content_type": 15,
    "object_id": "1",
    "object_repr": "1 by (1) (User: passenger@yyc.ca)",
    "action_flag": 3,
    "change_message": ""
  }
},
{
  "model": "admin.logentry",
  "pk": 158,
  "fields": {
    "action_time": "2022-04-16T04:19:05.612Z",
    "user": 2,
    "content_type": 17,
    "object_id": "7",
    "object_repr": "(7) (2) WestJet",
    "action_flag": 3,
    "change_message": ""
  }
},
{
  "model": "admin.logentry",
  "pk": 159,
  "fields": {
    "action_time": "2022-04-16T04:24:24.196Z",
    "user": 2,
    "content_type": 11,
    "object_id": "3",
    "object_repr": "(3) Company 2",
    "action_flag": 3,
    "change_message": ""
  }
},
{
  "model": "admin.logentry",
  "pk": 160,
  "fields": {
    "action_time": "2022-04-16T04:24:24.207Z",
    "user": 2,
    "content_type": 11,
    "object_id": "2",
    "object_repr": "(2) Company 1",
    "action_flag": 3,
    "change_message": ""
  }
},
{
  "model": "auth.permission",
  "pk": 1,
  "fields": {
    "name": "Can add log entry",
    "content_type": 1,
    "codename": "add_logentry"
  }
},
{
  "model": "auth.permission",
  "pk": 2,
  "fields": {
    "name": "Can change log entry",
    "content_type": 1,
    "codename": "change_logentry"
  }
},
{
  "model": "auth.permission",
  "pk": 3,
  "fields": {
    "name": "Can delete log entry",
    "content_type": 1,
    "codename": "delete_logentry"
  }
},
{
  "model": "auth.permission",
  "pk": 4,
  "fields": {
    "name": "Can view log entry",
    "content_type": 1,
    "codename": "view_logentry"
  }
},
{
  "model": "auth.permission",
  "pk": 5,
  "fields": {
    "name": "Can add permission",
    "content_type": 2,
    "codename": "add_permission"
  }
},
{
  "model": "auth.permission",
  "pk": 6,
  "fields": {
    "name": "Can change permission",
    "content_type": 2,
    "codename": "change_permission"
  }
},
{
  "model": "auth.permission",
  "pk": 7,
  "fields": {
    "name": "Can delete permission",
    "content_type": 2,
    "codename": "delete_permission"
  }
},
{
  "model": "auth.permission",
  "pk": 8,
  "fields": {
    "name": "Can view permission",
    "content_type": 2,
    "codename": "view_permission"
  }
},
{
  "model": "auth.permission",
  "pk": 9,
  "fields": {
    "name": "Can add group",
    "content_type": 3,
    "codename": "add_group"
  }
},
{
  "model": "auth.permission",
  "pk": 10,
  "fields": {
    "name": "Can change group",
    "content_type": 3,
    "codename": "change_group"
  }
},
{
  "model": "auth.permission",
  "pk": 11,
  "fields": {
    "name": "Can delete group",
    "content_type": 3,
    "codename": "delete_group"
  }
},
{
  "model": "auth.permission",
  "pk": 12,
  "fields": {
    "name": "Can view group",
    "content_type": 3,
    "codename": "view_group"
  }
},
{
  "model": "auth.permission",
  "pk": 13,
  "fields": {
    "name": "Can add content type",
    "content_type": 4,
    "codename": "add_contenttype"
  }
},
{
  "model": "auth.permission",
  "pk": 14,
  "fields": {
    "name": "Can change content type",
    "content_type": 4,
    "codename": "change_contenttype"
  }
},
{
  "model": "auth.permission",
  "pk": 15,
  "fields": {
    "name": "Can delete content type",
    "content_type": 4,
    "codename": "delete_contenttype"
  }
},
{
  "model": "auth.permission",
  "pk": 16,
  "fields": {
    "name": "Can view content type",
    "content_type": 4,
    "codename": "view_contenttype"
  }
},
{
  "model": "auth.permission",
  "pk": 17,
  "fields": {
    "name": "Can add session",
    "content_type": 5,
    "codename": "add_session"
  }
},
{
  "model": "auth.permission",
  "pk": 18,
  "fields": {
    "name": "Can change session",
    "content_type": 5,
    "codename": "change_session"
  }
},
{
  "model": "auth.permission",
  "pk": 19,
  "fields": {
    "name": "Can delete session",
    "content_type": 5,
    "codename": "delete_session"
  }
},
{
  "model": "auth.permission",
  "pk": 20,
  "fields": {
    "name": "Can view session",
    "content_type": 5,
    "codename": "view_session"
  }
},
{
  "model": "auth.permission",
  "pk": 21,
  "fields": {
    "name": "Can add user",
    "content_type": 6,
    "codename": "add_user"
  }
},
{
  "model": "auth.permission",
  "pk": 22,
  "fields": {
    "name": "Can change user",
    "content_type": 6,
    "codename": "change_user"
  }
},
{
  "model": "auth.permission",
  "pk": 23,
  "fields": {
    "name": "Can delete user",
    "content_type": 6,
    "codename": "delete_user"
  }
},
{
  "model": "auth.permission",
  "pk": 24,
  "fields": {
    "name": "Can view user",
    "content_type": 6,
    "codename": "view_user"
  }
},
{
  "model": "auth.permission",
  "pk": 25,
  "fields": {
    "name": "Can add airline",
    "content_type": 7,
    "codename": "add_airline"
  }
},
{
  "model": "auth.permission",
  "pk": 26,
  "fields": {
    "name": "Can change airline",
    "content_type": 7,
    "codename": "change_airline"
  }
},
{
  "model": "auth.permission",
  "pk": 27,
  "fields": {
    "name": "Can delete airline",
    "content_type": 7,
    "codename": "delete_airline"
  }
},
{
  "model": "auth.permission",
  "pk": 28,
  "fields": {
    "name": "Can view airline",
    "content_type": 7,
    "codename": "view_airline"
  }
},
{
  "model": "auth.permission",
  "pk": 29,
  "fields": {
    "name": "Can add airline admin",
    "content_type": 8,
    "codename": "add_airlineadmin"
  }
},
{
  "model": "auth.permission",
  "pk": 30,
  "fields": {
    "name": "Can change airline admin",
    "content_type": 8,
    "codename": "change_airlineadmin"
  }
},
{
  "model": "auth.permission",
  "pk": 31,
  "fields": {
    "name": "Can delete airline admin",
    "content_type": 8,
    "codename": "delete_airlineadmin"
  }
},
{
  "model": "auth.permission",
  "pk": 32,
  "fields": {
    "name": "Can view airline admin",
    "content_type": 8,
    "codename": "view_airlineadmin"
  }
},
{
  "model": "auth.permission",
  "pk": 33,
  "fields": {
    "name": "Can add airplane",
    "content_type": 9,
    "codename": "add_airplane"
  }
},
{
  "model": "auth.permission",
  "pk": 34,
  "fields": {
    "name": "Can change airplane",
    "content_type": 9,
    "codename": "change_airplane"
  }
},
{
  "model": "auth.permission",
  "pk": 35,
  "fields": {
    "name": "Can delete airplane",
    "content_type": 9,
    "codename": "delete_airplane"
  }
},
{
  "model": "auth.permission",
  "pk": 36,
  "fields": {
    "name": "Can view airplane",
    "content_type": 9,
    "codename": "view_airplane"
  }
},
{
  "model": "auth.permission",
  "pk": 37,
  "fields": {
    "name": "Can add airport admin",
    "content_type": 10,
    "codename": "add_airportadmin"
  }
},
{
  "model": "auth.permission",
  "pk": 38,
  "fields": {
    "name": "Can change airport admin",
    "content_type": 10,
    "codename": "change_airportadmin"
  }
},
{
  "model": "auth.permission",
  "pk": 39,
  "fields": {
    "name": "Can delete airport admin",
    "content_type": 10,
    "codename": "delete_airportadmin"
  }
},
{
  "model": "auth.permission",
  "pk": 40,
  "fields": {
    "name": "Can view airport admin",
    "content_type": 10,
    "codename": "view_airportadmin"
  }
},
{
  "model": "auth.permission",
  "pk": 41,
  "fields": {
    "name": "Can add company",
    "content_type": 11,
    "codename": "add_company"
  }
},
{
  "model": "auth.permission",
  "pk": 42,
  "fields": {
    "name": "Can change company",
    "content_type": 11,
    "codename": "change_company"
  }
},
{
  "model": "auth.permission",
  "pk": 43,
  "fields": {
    "name": "Can delete company",
    "content_type": 11,
    "codename": "delete_company"
  }
},
{
  "model": "auth.permission",
  "pk": 44,
  "fields": {
    "name": "Can view company",
    "content_type": 11,
    "codename": "view_company"
  }
},
{
  "model": "auth.permission",
  "pk": 45,
  "fields": {
    "name": "Can add destination",
    "content_type": 12,
    "codename": "add_destination"
  }
},
{
  "model": "auth.permission",
  "pk": 46,
  "fields": {
    "name": "Can change destination",
    "content_type": 12,
    "codename": "change_destination"
  }
},
{
  "model": "auth.permission",
  "pk": 47,
  "fields": {
    "name": "Can delete destination",
    "content_type": 12,
    "codename": "delete_destination"
  }
},
{
  "model": "auth.permission",
  "pk": 48,
  "fields": {
    "name": "Can view destination",
    "content_type": 12,
    "codename": "view_destination"
  }
},
{
  "model": "auth.permission",
  "pk": 49,
  "fields": {
    "name": "Can add hotel",
    "content_type": 13,
    "codename": "add_hotel"
  }
},
{
  "model": "auth.permission",
  "pk": 50,
  "fields": {
    "name": "Can change hotel",
    "content_type": 13,
    "codename": "change_hotel"
  }
},
{
  "model": "auth.permission",
  "pk": 51,
  "fields": {
    "name": "Can delete hotel",
    "content_type": 13,
    "codename": "delete_hotel"
  }
},
{
  "model": "auth.permission",
  "pk": 52,
  "fields": {
    "name": "Can view hotel",
    "content_type": 13,
    "codename": "view_hotel"
  }
},
{
  "model": "auth.permission",
  "pk": 53,
  "fields": {
    "name": "Can add passenger",
    "content_type": 14,
    "codename": "add_passenger"
  }
},
{
  "model": "auth.permission",
  "pk": 54,
  "fields": {
    "name": "Can change passenger",
    "content_type": 14,
    "codename": "change_passenger"
  }
},
{
  "model": "auth.permission",
  "pk": 55,
  "fields": {
    "name": "Can delete passenger",
    "content_type": 14,
    "codename": "delete_passenger"
  }
},
{
  "model": "auth.permission",
  "pk": 56,
  "fields": {
    "name": "Can view passenger",
    "content_type": 14,
    "codename": "view_passenger"
  }
},
{
  "model": "auth.permission",
  "pk": 57,
  "fields": {
    "name": "Can add transaction",
    "content_type": 15,
    "codename": "add_transaction"
  }
},
{
  "model": "auth.permission",
  "pk": 58,
  "fields": {
    "name": "Can change transaction",
    "content_type": 15,
    "codename": "change_transaction"
  }
},
{
  "model": "auth.permission",
  "pk": 59,
  "fields": {
    "name": "Can delete transaction",
    "content_type": 15,
    "codename": "delete_transaction"
  }
},
{
  "model": "auth.permission",
  "pk": 60,
  "fields": {
    "name": "Can view transaction",
    "content_type": 15,
    "codename": "view_transaction"
  }
},
{
  "model": "auth.permission",
  "pk": 61,
  "fields": {
    "name": "Can add stay",
    "content_type": 16,
    "codename": "add_stay"
  }
},
{
  "model": "auth.permission",
  "pk": 62,
  "fields": {
    "name": "Can change stay",
    "content_type": 16,
    "codename": "change_stay"
  }
},
{
  "model": "auth.permission",
  "pk": 63,
  "fields": {
    "name": "Can delete stay",
    "content_type": 16,
    "codename": "delete_stay"
  }
},
{
  "model": "auth.permission",
  "pk": 64,
  "fields": {
    "name": "Can view stay",
    "content_type": 16,
    "codename": "view_stay"
  }
},
{
  "model": "auth.permission",
  "pk": 65,
  "fields": {
    "name": "Can add flight",
    "content_type": 17,
    "codename": "add_flight"
  }
},
{
  "model": "auth.permission",
  "pk": 66,
  "fields": {
    "name": "Can change flight",
    "content_type": 17,
    "codename": "change_flight"
  }
},
{
  "model": "auth.permission",
  "pk": 67,
  "fields": {
    "name": "Can delete flight",
    "content_type": 17,
    "codename": "delete_flight"
  }
},
{
  "model": "auth.permission",
  "pk": 68,
  "fields": {
    "name": "Can view flight",
    "content_type": 17,
    "codename": "view_flight"
  }
},
{
  "model": "auth.permission",
  "pk": 69,
  "fields": {
    "name": "Can add fare",
    "content_type": 18,
    "codename": "add_fare"
  }
},
{
  "model": "auth.permission",
  "pk": 70,
  "fields": {
    "name": "Can change fare",
    "content_type": 18,
    "codename": "change_fare"
  }
},
{
  "model": "auth.permission",
  "pk": 71,
  "fields": {
    "name": "Can delete fare",
    "content_type": 18,
    "codename": "delete_fare"
  }
},
{
  "model": "auth.permission",
  "pk": 72,
  "fields": {
    "name": "Can view fare",
    "content_type": 18,
    "codename": "view_fare"
  }
},
{
  "model": "auth.permission",
  "pk": 73,
  "fields": {
    "name": "Can add books",
    "content_type": 19,
    "codename": "add_books"
  }
},
{
  "model": "auth.permission",
  "pk": 74,
  "fields": {
    "name": "Can change books",
    "content_type": 19,
    "codename": "change_books"
  }
},
{
  "model": "auth.permission",
  "pk": 75,
  "fields": {
    "name": "Can delete books",
    "content_type": 19,
    "codename": "delete_books"
  }
},
{
  "model": "auth.permission",
  "pk": 76,
  "fields": {
    "name": "Can view books",
    "content_type": 19,
    "codename": "view_books"
  }
},
{
  "model": "auth.permission",
  "pk": 77,
  "fields": {
    "name": "Can add airport complaint",
    "content_type": 20,
    "codename": "add_airportcomplaint"
  }
},
{
  "model": "auth.permission",
  "pk": 78,
  "fields": {
    "name": "Can change airport complaint",
    "content_type": 20,
    "codename": "change_airportcomplaint"
  }
},
{
  "model": "auth.permission",
  "pk": 79,
  "fields": {
    "name": "Can delete airport complaint",
    "content_type": 20,
    "codename": "delete_airportcomplaint"
  }
},
{
  "model": "auth.permission",
  "pk": 80,
  "fields": {
    "name": "Can view airport complaint",
    "content_type": 20,
    "codename": "view_airportcomplaint"
  }
},
{
  "model": "auth.permission",
  "pk": 81,
  "fields": {
    "name": "Can add airline complaint",
    "content_type": 21,
    "codename": "add_airlinecomplaint"
  }
},
{
  "model": "auth.permission",
  "pk": 82,
  "fields": {
    "name": "Can change airline complaint",
    "content_type": 21,
    "codename": "change_airlinecomplaint"
  }
},
{
  "model": "auth.permission",
  "pk": 83,
  "fields": {
    "name": "Can delete airline complaint",
    "content_type": 21,
    "codename": "delete_airlinecomplaint"
  }
},
{
  "model": "auth.permission",
  "pk": 84,
  "fields": {
    "name": "Can view airline complaint",
    "content_type": 21,
    "codename": "view_airlinecomplaint"
  }
},
{
  "model": "auth.permission",
  "pk": 85,
  "fields": {
    "name": "Can add blacklisted token",
    "content_type": 22,
    "codename": "add_blacklistedtoken"
  }
},
{
  "model": "auth.permission",
  "pk": 86,
  "fields": {
    "name": "Can change blacklisted token",
    "content_type": 22,
    "codename": "change_blacklistedtoken"
  }
},
{
  "model": "auth.permission",
  "pk": 87,
  "fields": {
    "name": "Can delete blacklisted token",
    "content_type": 22,
    "codename": "delete_blacklistedtoken"
  }
},
{
  "model": "auth.permission",
  "pk": 88,
  "fields": {
    "name": "Can view blacklisted token",
    "content_type": 22,
    "codename": "view_blacklistedtoken"
  }
},
{
  "model": "auth.permission",
  "pk": 89,
  "fields": {
    "name": "Can add outstanding token",
    "content_type": 23,
    "codename": "add_outstandingtoken"
  }
},
{
  "model": "auth.permission",
  "pk": 90,
  "fields": {
    "name": "Can change outstanding token",
    "content_type": 23,
    "codename": "change_outstandingtoken"
  }
},
{
  "model": "auth.permission",
  "pk": 91,
  "fields": {
    "name": "Can delete outstanding token",
    "content_type": 23,
    "codename": "delete_outstandingtoken"
  }
},
{
  "model": "auth.permission",
  "pk": 92,
  "fields": {
    "name": "Can view outstanding token",
    "content_type": 23,
    "codename": "view_outstandingtoken"
  }
},
{
  "model": "contenttypes.contenttype",
  "pk": 1,
  "fields": {
    "app_label": "admin",
    "model": "logentry"
  }
},
{
  "model": "contenttypes.contenttype",
  "pk": 2,
  "fields": {
    "app_label": "auth",
    "model": "permission"
  }
},
{
  "model": "contenttypes.contenttype",
  "pk": 3,
  "fields": {
    "app_label": "auth",
    "model": "group"
  }
},
{
  "model": "contenttypes.contenttype",
  "pk": 4,
  "fields": {
    "app_label": "contenttypes",
    "model": "contenttype"
  }
},
{
  "model": "contenttypes.contenttype",
  "pk": 5,
  "fields": {
    "app_label": "sessions",
    "model": "session"
  }
},
{
  "model": "contenttypes.contenttype",
  "pk": 6,
  "fields": {
    "app_label": "api",
    "model": "user"
  }
},
{
  "model": "contenttypes.contenttype",
  "pk": 7,
  "fields": {
    "app_label": "api",
    "model": "airline"
  }
},
{
  "model": "contenttypes.contenttype",
  "pk": 8,
  "fields": {
    "app_label": "api",
    "model": "airlineadmin"
  }
},
{
  "model": "contenttypes.contenttype",
  "pk": 9,
  "fields": {
    "app_label": "api",
    "model": "airplane"
  }
},
{
  "model": "contenttypes.contenttype",
  "pk": 10,
  "fields": {
    "app_label": "api",
    "model": "airportadmin"
  }
},
{
  "model": "contenttypes.contenttype",
  "pk": 11,
  "fields": {
    "app_label": "api",
    "model": "company"
  }
},
{
  "model": "contenttypes.contenttype",
  "pk": 12,
  "fields": {
    "app_label": "api",
    "model": "destination"
  }
},
{
  "model": "contenttypes.contenttype",
  "pk": 13,
  "fields": {
    "app_label": "api",
    "model": "hotel"
  }
},
{
  "model": "contenttypes.contenttype",
  "pk": 14,
  "fields": {
    "app_label": "api",
    "model": "passenger"
  }
},
{
  "model": "contenttypes.contenttype",
  "pk": 15,
  "fields": {
    "app_label": "api",
    "model": "transaction"
  }
},
{
  "model": "contenttypes.contenttype",
  "pk": 16,
  "fields": {
    "app_label": "api",
    "model": "stay"
  }
},
{
  "model": "contenttypes.contenttype",
  "pk": 17,
  "fields": {
    "app_label": "api",
    "model": "flight"
  }
},
{
  "model": "contenttypes.contenttype",
  "pk": 18,
  "fields": {
    "app_label": "api",
    "model": "fare"
  }
},
{
  "model": "contenttypes.contenttype",
  "pk": 19,
  "fields": {
    "app_label": "api",
    "model": "books"
  }
},
{
  "model": "contenttypes.contenttype",
  "pk": 20,
  "fields": {
    "app_label": "api",
    "model": "airportcomplaint"
  }
},
{
  "model": "contenttypes.contenttype",
  "pk": 21,
  "fields": {
    "app_label": "api",
    "model": "airlinecomplaint"
  }
},
{
  "model": "contenttypes.contenttype",
  "pk": 22,
  "fields": {
    "app_label": "token_blacklist",
    "model": "blacklistedtoken"
  }
},
{
  "model": "contenttypes.contenttype",
  "pk": 23,
  "fields": {
    "app_label": "token_blacklist",
    "model": "outstandingtoken"
  }
},
{
  "model": "sessions.session",
  "pk": "drqbswgsm86uaqsuqnmzuykl2dcc82qw",
  "fields": {
    "session_data": ".eJxVjEEOwiAQRe_C2hAyCFNcuvcMZAamUjWQlHbVeHdt0oVu_3vvbyrSupS4dpnjlNVFgTr9bkzpKXUH-UH13nRqdZkn1ruiD9r1rWV5XQ_376BQL9-ayQaHxgG4JC4IemFvgKzBwDahCMNIZM84-uyT4UFC5swDICSDoN4f5Q84MQ:1nfESt:XbwTbbJCqwV5aSAPxeTOlVfO70eSD65svBClNiZLoUs",
    "expire_date": "2022-04-29T05:25:51.033Z"
  }
},
{
  "model": "sessions.session",
  "pk": "w4gvjvqn5b23kx4zqk6ij5092qx13j98",
  "fields": {
    "session_data": ".eJxVjEEOwiAQRe_C2hAyCFNcuvcMZAamUjWQlHbVeHdt0oVu_3vvbyrSupS4dpnjlNVFgTr9bkzpKXUH-UH13nRqdZkn1ruiD9r1rWV5XQ_376BQL9-ayQaHxgG4JC4IemFvgKzBwDahCMNIZM84-uyT4UFC5swDICSDoN4f5Q84MQ:1nfAUE:iGOzYhFhoZWkx-8mmU12L_oPHfNnPofRL-L76cy8e7c",
    "expire_date": "2022-04-29T01:10:58.762Z"
  }
},
{
  "model": "api.user",
  "pk": 2,
  "fields": {
    "password": "pbkdf2_sha256$320000$kTpziVYYuv2EY14KW0edUO$Ja1tjBImL0EemHi41mKPaBaTI20mkD7QzjG0Stxm3Pw=",
    "last_login": "2022-04-15T05:25:51.011Z",
    "is_superuser": true,
    "first_name": "Azlan",
    "last_name": "Amjad",
    "is_staff": true,
    "is_active": true,
    "date_joined": "2022-04-15T01:10:34.768Z",
    "email": "admin@yyc.ca",
    "a_passenger": false,
    "an_airport_admin": false,
    "an_airline_admin": false,
    "groups": [],
    "user_permissions": []
  }
},
{
  "model": "api.user",
  "pk": 3,
  "fields": {
    "password": "pbkdf2_sha256$320000$6NeXLZEP5I6uzhFygPrBVW$I9rCt1xrbRryOQNOHyXbjQRT9X5RQihDZARs/Gd5M9I=",
    "last_login": null,
    "is_superuser": false,
    "first_name": "Azlan",
    "last_name": "Amjad",
    "is_staff": false,
    "is_active": true,
    "date_joined": "2022-04-15T01:33:07.412Z",
    "email": "passenger@yyc.ca",
    "a_passenger": true,
    "an_airport_admin": false,
    "an_airline_admin": false,
    "groups": [],
    "user_permissions": []
  }
},
{
  "model": "api.user",
  "pk": 4,
  "fields": {
    "password": "pbkdf2_sha256$320000$4nJ3PPU85UWRl4ht34VTxl$iKmWaRG6YoLcTZVM6YF6VRQHDgn9PVRr9SqjNtWNJHw=",
    "last_login": null,
    "is_superuser": false,
    "first_name": "Azlan",
    "last_name": "Amjad",
    "is_staff": false,
    "is_active": true,
    "date_joined": "2022-04-15T06:57:25.612Z",
    "email": "yyc-admin@yyc.ca",
    "a_passenger": false,
    "an_airport_admin": true,
    "an_airline_admin": false,
    "groups": [],
    "user_permissions": []
  }
},
{
  "model": "api.user",
  "pk": 5,
  "fields": {
    "password": "pbkdf2_sha256$320000$Ft9HWu2wyFOSwA5Ap4FK8C$2Kt0p33RU8OQ+OUaZb2uwUyEMwIrWkGDuSPZohi6y4s=",
    "last_login": null,
    "is_superuser": false,
    "first_name": "Azlan",
    "last_name": "Amjad",
    "is_staff": false,
    "is_active": true,
    "date_joined": "2022-04-15T07:19:35.137Z",
    "email": "westjet-admin@yyc.ca",
    "a_passenger": false,
    "an_airport_admin": false,
    "an_airline_admin": true,
    "groups": [],
    "user_permissions": []
  }
},
{
  "model": "api.user",
  "pk": 6,
  "fields": {
    "password": "pbkdf2_sha256$320000$NsWhbMsltkONTw8i0mHZNe$Lt/3J+JKDh8q3YM8+A8M9J69WtLhuHH5e4/p/SJkikc=",
    "last_login": null,
    "is_superuser": false,
    "first_name": "Azlan",
    "last_name": "Amjad",
    "is_staff": false,
    "is_active": true,
    "date_joined": "2022-04-15T21:29:07.343Z",
    "email": "emirates-admin@yyc.ca",
    "a_passenger": false,
    "an_airport_admin": false,
    "an_airline_admin": true,
    "groups": [],
    "user_permissions": []
  }
},
{
  "model": "api.passenger",
  "pk": 1,
  "fields": {
    "user": 3,
    "ssn": "123123123",
    "address": "Calgary, AB"
  }
},
{
  "model": "api.airportadmin",
  "pk": 1,
  "fields": {
    "user": 4,
    "admin_id": 4323
  }
},
{
  "model": "api.airline",
  "pk": 1,
  "fields": {
    "name": "Qatar Airways",
    "location": "Doha"
  }
},
{
  "model": "api.airline",
  "pk": 2,
  "fields": {
    "name": "WestJet",
    "location": "Calgary"
  }
},
{
  "model": "api.airline",
  "pk": 3,
  "fields": {
    "name": "Air Canada",
    "location": "Montreal"
  }
},
{
  "model": "api.airline",
  "pk": 4,
  "fields": {
    "name": "Emirates",
    "location": "Dubai"
  }
},
{
  "model": "api.airline",
  "pk": 5,
  "fields": {
    "name": "Air France",
    "location": "Tremblay-en-France"
  }
},
{
  "model": "api.airline",
  "pk": 6,
  "fields": {
    "name": "Delta Airlines",
    "location": "Atlanta"
  }
},
{
  "model": "api.airline",
  "pk": 7,
  "fields": {
    "name": "British Airways",
    "location": "Harmondsworth"
  }
},
{
  "model": "api.airline",
  "pk": 8,
  "fields": {
    "name": "Japan Airlines",
    "location": "Tokyo"
  }
},
{
  "model": "api.airline",
  "pk": 9,
  "fields": {
    "name": "Pakistan International Airlines",
    "location": "Karachi"
  }
},
{
  "model": "api.airline",
  "pk": 10,
  "fields": {
    "name": "Etihad",
    "location": "Khalifa City"
  }
},
{
  "model": "api.airlineadmin",
  "pk": 1,
  "fields": {
    "user": 5,
    "employee_id": 4324,
    "airline": 2
  }
},
{
  "model": "api.airlineadmin",
  "pk": 2,
  "fields": {
    "user": 6,
    "employee_id": 5233,
    "airline": 4
  }
},
{
  "model": "api.company",
  "pk": 4,
  "fields": {
    "name": "Marriott International Inc.",
    "admin": null
  }
},
{
  "model": "api.company",
  "pk": 5,
  "fields": {
    "name": "Hilton Worldwide Holdings Inc.",
    "admin": null
  }
},
{
  "model": "api.company",
  "pk": 6,
  "fields": {
    "name": "Park Hotels & Resorts Inc.",
    "admin": null
  }
},
{
  "model": "api.hotel",
  "pk": 4,
  "fields": {
    "name": "Marriott's Aruba Ocean Club",
    "location": "Palm Beach, Aruba",
    "company": 4,
    "image": "",
    "thumbnail": ""
  }
},
{
  "model": "api.hotel",
  "pk": 5,
  "fields": {
    "name": "Grand Cayman Marriott Beach Resort",
    "location": "Grand Cayman, Cayman Islands",
    "company": 4,
    "image": "",
    "thumbnail": ""
  }
},
{
  "model": "api.hotel",
  "pk": 6,
  "fields": {
    "name": "The Westin City Centre",
    "location": "Al Seef District Manama, Bahrain",
    "company": 4,
    "image": "",
    "thumbnail": ""
  }
},
{
  "model": "api.hotel",
  "pk": 7,
  "fields": {
    "name": "Courtyard Quebec City",
    "location": "Quebec City, Quebec",
    "company": 4,
    "image": "",
    "thumbnail": ""
  }
},
{
  "model": "api.transaction",
  "pk": 77,
  "fields": {
    "passenger": 1,
    "company": 4,
    "type": "reservation",
    "date": "2022-04-16"
  }
},
{
  "model": "api.stay",
  "pk": 7,
  "fields": {
    "name": "1 Night Stay",
    "price": "400.00",
    "description": "2 rooms, with 4 beds and 2 bath",
    "hotel": 4,
    "transaction": null,
    "image": "",
    "thumbnail": ""
  }
},
{
  "model": "api.stay",
  "pk": 8,
  "fields": {
    "name": "1 Night stay at Aruba",
    "price": "2000.00",
    "description": "2 rooms with 3 beds and 4 bath with all the services you need",
    "hotel": 4,
    "transaction": 77,
    "image": "",
    "thumbnail": ""
  }
},
{
  "model": "api.stay",
  "pk": 9,
  "fields": {
    "name": "0.4 night stay",
    "price": "4999.00",
    "description": "stay for less than half the night for just under 5k!",
    "hotel": 4,
    "transaction": null,
    "image": "",
    "thumbnail": ""
  }
},
{
  "model": "api.airportcomplaint",
  "pk": 2,
  "fields": {
    "description": "The airport has not helped me retrieve my lost luggage",
    "admin": 1,
    "passenger": 1
  }
},
{
  "model": "api.airlinecomplaint",
  "pk": 1,
  "fields": {
    "description": "WestJet lost my luggage",
    "admin": 1,
    "passenger": 1,
    "airline": 2
  }
},
{
  "model": "api.airplane",
  "pk": 1,
  "fields": {
    "model": "737-800",
    "manufacturer": "Boeing",
    "economy_seats": 100,
    "premium_economy_seats": 50,
    "business_seats": 20,
    "first_seats": 10,
    "airline": 2
  }
},
{
  "model": "api.airplane",
  "pk": 2,
  "fields": {
    "model": "777-200ER",
    "manufacturer": "Boeing",
    "economy_seats": 200,
    "premium_economy_seats": 100,
    "business_seats": 50,
    "first_seats": 30,
    "airline": 4
  }
},
{
  "model": "api.airplane",
  "pk": 3,
  "fields": {
    "model": "A320",
    "manufacturer": "Airbus",
    "economy_seats": 100,
    "premium_economy_seats": 40,
    "business_seats": 20,
    "first_seats": 10,
    "airline": 2
  }
},
{
  "model": "api.airplane",
  "pk": 4,
  "fields": {
    "model": "A380-800",
    "manufacturer": "Airbus",
    "economy_seats": 300,
    "premium_economy_seats": 100,
    "business_seats": 70,
    "first_seats": 30,
    "airline": 1
  }
},
{
  "model": "api.airplane",
  "pk": 5,
  "fields": {
    "model": "787-10",
    "manufacturer": "Boeing",
    "economy_seats": 200,
    "premium_economy_seats": 100,
    "business_seats": 50,
    "first_seats": 20,
    "airline": 7
  }
},
{
  "model": "api.airplane",
  "pk": 6,
  "fields": {
    "model": "777X",
    "manufacturer": "Boeing",
    "economy_seats": 300,
    "premium_economy_seats": 100,
    "business_seats": 50,
    "first_seats": 20,
    "airline": 4
  }
},
{
  "model": "api.airplane",
  "pk": 7,
  "fields": {
    "model": "777X",
    "manufacturer": "Boeing",
    "economy_seats": 300,
    "premium_economy_seats": 100,
    "business_seats": 50,
    "first_seats": 20,
    "airline": 8
  }
},
{
  "model": "api.airplane",
  "pk": 8,
  "fields": {
    "model": "737-500",
    "manufacturer": "Boeing",
    "economy_seats": 90,
    "premium_economy_seats": 30,
    "business_seats": 10,
    "first_seats": 0,
    "airline": 3
  }
},
{
  "model": "api.airplane",
  "pk": 9,
  "fields": {
    "model": "777-200ER",
    "manufacturer": "Boeing",
    "economy_seats": 300,
    "premium_economy_seats": 100,
    "business_seats": 50,
    "first_seats": 20,
    "airline": 1
  }
},
{
  "model": "api.airplane",
  "pk": 10,
  "fields": {
    "model": "A320",
    "manufacturer": "Airbus",
    "economy_seats": 90,
    "premium_economy_seats": 30,
    "business_seats": 20,
    "first_seats": 0,
    "airline": 3
  }
},
{
  "model": "api.airplane",
  "pk": 11,
  "fields": {
    "model": "777X",
    "manufacturer": "Boeing",
    "economy_seats": 300,
    "premium_economy_seats": 100,
    "business_seats": 50,
    "first_seats": 20,
    "airline": 9
  }
},
{
  "model": "api.destination",
  "pk": "AMS",
  "fields": {
    "city": "Amsterdam",
    "country": "Netherlands"
  }
},
{
  "model": "api.destination",
  "pk": "ATL",
  "fields": {
    "city": "Atlanta",
    "country": "United States"
  }
},
{
  "model": "api.destination",
  "pk": "DFW",
  "fields": {
    "city": "Dallas",
    "country": "United States"
  }
},
{
  "model": "api.destination",
  "pk": "DOH",
  "fields": {
    "city": "Doha",
    "country": "Qatar"
  }
},
{
  "model": "api.destination",
  "pk": "DXB",
  "fields": {
    "city": "Dubai",
    "country": "United Arab Emirates"
  }
},
{
  "model": "api.destination",
  "pk": "HKG",
  "fields": {
    "city": "Hong Kong",
    "country": "China"
  }
},
{
  "model": "api.destination",
  "pk": "HND",
  "fields": {
    "city": "Tokyo",
    "country": "Japan"
  }
},
{
  "model": "api.destination",
  "pk": "ICN",
  "fields": {
    "city": "Incheon",
    "country": "South Korea"
  }
},
{
  "model": "api.destination",
  "pk": "JED",
  "fields": {
    "city": "Jeddah",
    "country": "Saudi Arabia"
  }
},
{
  "model": "api.destination",
  "pk": "LAX",
  "fields": {
    "city": "Los Angeles",
    "country": "United States"
  }
},
{
  "model": "api.destination",
  "pk": "LHE",
  "fields": {
    "city": "Lahore",
    "country": "Pakistan"
  }
},
{
  "model": "api.destination",
  "pk": "LHR",
  "fields": {
    "city": "London",
    "country": "England"
  }
},
{
  "model": "api.destination",
  "pk": "NRT",
  "fields": {
    "city": "Narita",
    "country": "Japan"
  }
},
{
  "model": "api.destination",
  "pk": "ORD",
  "fields": {
    "city": "Chicago",
    "country": "United States"
  }
},
{
  "model": "api.destination",
  "pk": "PEK",
  "fields": {
    "city": "Beijing",
    "country": "China"
  }
},
{
  "model": "api.destination",
  "pk": "SIN",
  "fields": {
    "city": "Changi",
    "country": "Singapore"
  }
},
{
  "model": "api.destination",
  "pk": "YVR",
  "fields": {
    "city": "Vancouver",
    "country": "Canada"
  }
},
{
  "model": "api.destination",
  "pk": "YYZ",
  "fields": {
    "city": "Toronto",
    "country": "Canada"
  }
},
{
  "model": "api.flight",
  "pk": 8,
  "fields": {
    "airline": 2,
    "dep_time": "2022-04-29T21:15:58Z",
    "arrival_time": "2022-04-30T00:30:58Z",
    "destination": "YYZ",
    "plane": 3
  }
},
{
  "model": "api.fare",
  "pk": 6,
  "fields": {
    "price": "600.00",
    "cabin": "Economy",
    "flight": 8,
    "tickets_quantity": 100
  }
},
{
  "model": "api.fare",
  "pk": 7,
  "fields": {
    "price": "900.00",
    "cabin": "Business",
    "flight": 8,
    "tickets_quantity": 19
  }
},
{
  "model": "api.fare",
  "pk": 8,
  "fields": {
    "price": "800.00",
    "cabin": "Premium Economy",
    "flight": 8,
    "tickets_quantity": 40
  }
},
{
  "model": "api.fare",
  "pk": 9,
  "fields": {
    "price": "1200.00",
    "cabin": "First",
    "flight": 8,
    "tickets_quantity": 10
  }
},
{
  "model": "api.books",
  "pk": 14,
  "fields": {
    "passenger": 1,
    "fare": 7
  }
},
{
  "model": "token_blacklist.outstandingtoken",
  "pk": 1,
  "fields": {
    "user": 3,
    "jti": "b0dd6a0ed22a47c8b126b3f0c0e37c25",
    "token": "eyJ0eXAiOiJKV1QiLCJhbGciOiJIUzI1NiJ9.eyJ0b2tlbl90eXBlIjoicmVmcmVzaCIsImV4cCI6MTY1MDA3MjgwMSwiaWF0IjoxNjQ5OTg2NDAxLCJqdGkiOiJiMGRkNmEwZWQyMmE0N2M4YjEyNmIzZjBjMGUzN2MyNSIsInVzZXJfaWQiOjN9.o5WoWsgYBudztLUb5rb_FH56pjk91IBKuLOMTvRF40Y",
    "created_at": "2022-04-15T01:33:21.544Z",
    "expires_at": "2022-04-16T01:33:21Z"
  }
},
{
  "model": "token_blacklist.outstandingtoken",
  "pk": 2,
  "fields": {
    "user": 3,
    "jti": "06a40cdfdfd5454ebf1b6c0345f18487",
    "token": "eyJ0eXAiOiJKV1QiLCJhbGciOiJIUzI1NiJ9.eyJ0b2tlbl90eXBlIjoicmVmcmVzaCIsImV4cCI6MTY1MDA4NjkyMywiaWF0IjoxNjUwMDAwNTIzLCJqdGkiOiIwNmE0MGNkZmRmZDU0NTRlYmYxYjZjMDM0NWYxODQ4NyIsInVzZXJfaWQiOjN9.Bnvh1Agz0fnUievqmzWd6_3RE6IGDCO-xOmhBlyaJi4",
    "created_at": "2022-04-15T05:28:43.169Z",
    "expires_at": "2022-04-16T05:28:43Z"
  }
},
{
  "model": "token_blacklist.outstandingtoken",
  "pk": 3,
  "fields": {
    "user": 4,
    "jti": "1860b38aa11840e581d32f1fb9890327",
    "token": "eyJ0eXAiOiJKV1QiLCJhbGciOiJIUzI1NiJ9.eyJ0b2tlbl90eXBlIjoicmVmcmVzaCIsImV4cCI6MTY1MDA5MjMzMiwiaWF0IjoxNjUwMDA1OTMyLCJqdGkiOiIxODYwYjM4YWExMTg0MGU1ODFkMzJmMWZiOTg5MDMyNyIsInVzZXJfaWQiOjR9.jMeG1fIz-bbXsJ7wXgkzCx5dXfAWISHuV2540-C4xTs",
    "created_at": "2022-04-15T06:58:52.555Z",
    "expires_at": "2022-04-16T06:58:52Z"
  }
},
{
  "model": "token_blacklist.outstandingtoken",
  "pk": 4,
  "fields": {
    "user": 3,
    "jti": "3890f059090644b8aa6a69cbb6e9280b",
    "token": "eyJ0eXAiOiJKV1QiLCJhbGciOiJIUzI1NiJ9.eyJ0b2tlbl90eXBlIjoicmVmcmVzaCIsImV4cCI6MTY1MDA5MjYyMywiaWF0IjoxNjUwMDA2MjIzLCJqdGkiOiIzODkwZjA1OTA5MDY0NGI4YWE2YTY5Y2JiNmU5MjgwYiIsInVzZXJfaWQiOjN9._otsTgGvmX8YC7JG5VmrdFiHlqplWO-faCtM42KkMSY",
    "created_at": "2022-04-15T07:03:43.768Z",
    "expires_at": "2022-04-16T07:03:43Z"
  }
},
{
  "model": "token_blacklist.outstandingtoken",
  "pk": 5,
  "fields": {
    "user": 4,
    "jti": "19faa794f06d43a6a7394f12aefab4f4",
    "token": "eyJ0eXAiOiJKV1QiLCJhbGciOiJIUzI1NiJ9.eyJ0b2tlbl90eXBlIjoicmVmcmVzaCIsImV4cCI6MTY1MDA5MjcxNSwiaWF0IjoxNjUwMDA2MzE1LCJqdGkiOiIxOWZhYTc5NGYwNmQ0M2E2YTczOTRmMTJhZWZhYjRmNCIsInVzZXJfaWQiOjR9.p9nmPD0Z7vh88_dlrEqfqzI86qnRaDVyarMTAnQqzo0",
    "created_at": "2022-04-15T07:05:15.104Z",
    "expires_at": "2022-04-16T07:05:15Z"
  }
},
{
  "model": "token_blacklist.outstandingtoken",
  "pk": 6,
  "fields": {
    "user": 5,
    "jti": "525c37d6777e4945a8dc0f546f4b1d09",
    "token": "eyJ0eXAiOiJKV1QiLCJhbGciOiJIUzI1NiJ9.eyJ0b2tlbl90eXBlIjoicmVmcmVzaCIsImV4cCI6MTY1MDA5MzYwOCwiaWF0IjoxNjUwMDA3MjA4LCJqdGkiOiI1MjVjMzdkNjc3N2U0OTQ1YThkYzBmNTQ2ZjRiMWQwOSIsInVzZXJfaWQiOjV9.gHQn23VYr2wMgTzDybxrRZWrsspryi0tEG1qG4A7gMU",
    "created_at": "2022-04-15T07:20:08.483Z",
    "expires_at": "2022-04-16T07:20:08Z"
  }
},
{
  "model": "token_blacklist.outstandingtoken",
  "pk": 7,
  "fields": {
    "user": 4,
    "jti": "0ec7bf0e9a3447b4b4ae02d1a44b5016",
    "token": "eyJ0eXAiOiJKV1QiLCJhbGciOiJIUzI1NiJ9.eyJ0b2tlbl90eXBlIjoicmVmcmVzaCIsImV4cCI6MTY1MDA5NTE0OSwiaWF0IjoxNjUwMDA4NzQ5LCJqdGkiOiIwZWM3YmYwZTlhMzQ0N2I0YjRhZTAyZDFhNDRiNTAxNiIsInVzZXJfaWQiOjR9.mTW6mP7FQ-D1uqqjYJzJTECrNzpkvR-Gg2-cYTC4zOU",
    "created_at": "2022-04-15T07:45:49.599Z",
    "expires_at": "2022-04-16T07:45:49Z"
  }
},
{
  "model": "token_blacklist.outstandingtoken",
  "pk": 8,
  "fields": {
    "user": 3,
    "jti": "f2a1e7b99f2849e2a03e1295abb64045",
    "token": "eyJ0eXAiOiJKV1QiLCJhbGciOiJIUzI1NiJ9.eyJ0b2tlbl90eXBlIjoicmVmcmVzaCIsImV4cCI6MTY1MDA5NTE4MSwiaWF0IjoxNjUwMDA4NzgxLCJqdGkiOiJmMmExZTdiOTlmMjg0OWUyYTAzZTEyOTVhYmI2NDA0NSIsInVzZXJfaWQiOjN9.WStqFshbygQPgGuI2MldIEX0UOmFHFTlk6VSMHbkb48",
    "created_at": "2022-04-15T07:46:21.966Z",
    "expires_at": "2022-04-16T07:46:21Z"
  }
},
{
  "model": "token_blacklist.outstandingtoken",
  "pk": 9,
  "fields": {
    "user": 3,
    "jti": "720b3b55759844a1b93b2f228b985588",
    "token": "eyJ0eXAiOiJKV1QiLCJhbGciOiJIUzI1NiJ9.eyJ0b2tlbl90eXBlIjoicmVmcmVzaCIsImV4cCI6MTY1MDA5NTY1NiwiaWF0IjoxNjUwMDA5MjU2LCJqdGkiOiI3MjBiM2I1NTc1OTg0NGExYjkzYjJmMjI4Yjk4NTU4OCIsInVzZXJfaWQiOjN9.3694S03ZwvBloBMNc0sM_Lj10ddVIkj_q8jBA9nziVA",
    "created_at": "2022-04-15T07:54:16.304Z",
    "expires_at": "2022-04-16T07:54:16Z"
  }
},
{
  "model": "token_blacklist.outstandingtoken",
  "pk": 10,
  "fields": {
    "user": 4,
    "jti": "10d755abc0ce4b0b80b708467482d5e6",
    "token": "eyJ0eXAiOiJKV1QiLCJhbGciOiJIUzI1NiJ9.eyJ0b2tlbl90eXBlIjoicmVmcmVzaCIsImV4cCI6MTY1MDEwMTQ4NCwiaWF0IjoxNjUwMDE1MDg0LCJqdGkiOiIxMGQ3NTVhYmMwY2U0YjBiODBiNzA4NDY3NDgyZDVlNiIsInVzZXJfaWQiOjR9.yeM4Agt6IIcNBp5NvKghnAmQ1SZ169w0VAz7Z93GUr8",
    "created_at": "2022-04-15T09:31:24.798Z",
    "expires_at": "2022-04-16T09:31:24Z"
  }
},
{
  "model": "token_blacklist.outstandingtoken",
  "pk": 11,
  "fields": {
    "user": 3,
    "jti": "cae495f788644871ae7c8f448cef3f5b",
    "token": "eyJ0eXAiOiJKV1QiLCJhbGciOiJIUzI1NiJ9.eyJ0b2tlbl90eXBlIjoicmVmcmVzaCIsImV4cCI6MTY1MDEwOTQwOCwiaWF0IjoxNjUwMDIzMDA4LCJqdGkiOiJjYWU0OTVmNzg4NjQ0ODcxYWU3YzhmNDQ4Y2VmM2Y1YiIsInVzZXJfaWQiOjN9.Vol0NAKoS4jjCm_lH1re1vXRoykUcUF3IpV-5WZ1J6M",
    "created_at": "2022-04-15T11:43:28.793Z",
    "expires_at": "2022-04-16T11:43:28Z"
  }
},
{
  "model": "token_blacklist.outstandingtoken",
  "pk": 12,
  "fields": {
    "user": 4,
    "jti": "d5d98d1715ee4ff1902f02c08baa61c2",
    "token": "eyJ0eXAiOiJKV1QiLCJhbGciOiJIUzI1NiJ9.eyJ0b2tlbl90eXBlIjoicmVmcmVzaCIsImV4cCI6MTY1MDEwOTQ1NCwiaWF0IjoxNjUwMDIzMDU0LCJqdGkiOiJkNWQ5OGQxNzE1ZWU0ZmYxOTAyZjAyYzA4YmFhNjFjMiIsInVzZXJfaWQiOjR9.FItA5WfkGwvn2kibetunP5DIkUmeyuEd4zWuMF8z2mg",
    "created_at": "2022-04-15T11:44:14.398Z",
    "expires_at": "2022-04-16T11:44:14Z"
  }
},
{
  "model": "token_blacklist.outstandingtoken",
  "pk": 13,
  "fields": {
    "user": 5,
    "jti": "e2a43e20b5cb4e488a5bf09a8b920f6e",
    "token": "eyJ0eXAiOiJKV1QiLCJhbGciOiJIUzI1NiJ9.eyJ0b2tlbl90eXBlIjoicmVmcmVzaCIsImV4cCI6MTY1MDExMDEwMywiaWF0IjoxNjUwMDIzNzAzLCJqdGkiOiJlMmE0M2UyMGI1Y2I0ZTQ4OGE1YmYwOWE4YjkyMGY2ZSIsInVzZXJfaWQiOjV9.TWHMwEzSYxy00bYMMPO9cewaV2MGAuH9kDxMy-dR8LY",
    "created_at": "2022-04-15T11:55:03.737Z",
    "expires_at": "2022-04-16T11:55:03Z"
  }
},
{
  "model": "token_blacklist.outstandingtoken",
  "pk": 14,
  "fields": {
    "user": 4,
    "jti": "b735c91bde9c473d8b48f73120356b55",
    "token": "eyJ0eXAiOiJKV1QiLCJhbGciOiJIUzI1NiJ9.eyJ0b2tlbl90eXBlIjoicmVmcmVzaCIsImV4cCI6MTY1MDExMDkxNSwiaWF0IjoxNjUwMDI0NTE1LCJqdGkiOiJiNzM1YzkxYmRlOWM0NzNkOGI0OGY3MzEyMDM1NmI1NSIsInVzZXJfaWQiOjR9.pwzyNstTHxbF-urseuFFf4qWTI8nA5Vj8Ktpmy-i8R8",
    "created_at": "2022-04-15T12:08:35.011Z",
    "expires_at": "2022-04-16T12:08:35Z"
  }
},
{
  "model": "token_blacklist.outstandingtoken",
  "pk": 15,
  "fields": {
    "user": 3,
    "jti": "93b57299285c4c9e841dbd18837b750a",
    "token": "eyJ0eXAiOiJKV1QiLCJhbGciOiJIUzI1NiJ9.eyJ0b2tlbl90eXBlIjoicmVmcmVzaCIsImV4cCI6MTY1MDExMTA0NSwiaWF0IjoxNjUwMDI0NjQ1LCJqdGkiOiI5M2I1NzI5OTI4NWM0YzllODQxZGJkMTg4MzdiNzUwYSIsInVzZXJfaWQiOjN9.c8acrCMQWf_tYkGktWEFKV3Nj_7i4GUVsP8CHv8n9rE",
    "created_at": "2022-04-15T12:10:45.230Z",
    "expires_at": "2022-04-16T12:10:45Z"
  }
},
{
  "model": "token_blacklist.outstandingtoken",
  "pk": 16,
  "fields": {
    "user": 4,
    "jti": "ba656f3a524645f8bc2dc507d65b3464",
    "token": "eyJ0eXAiOiJKV1QiLCJhbGciOiJIUzI1NiJ9.eyJ0b2tlbl90eXBlIjoicmVmcmVzaCIsImV4cCI6MTY1MDExMTEyNywiaWF0IjoxNjUwMDI0NzI3LCJqdGkiOiJiYTY1NmYzYTUyNDY0NWY4YmMyZGM1MDdkNjViMzQ2NCIsInVzZXJfaWQiOjR9.Ulnyx_CLOiUKDi6l9Rn3THCcFOBryLfKGRfHTRugv0E",
    "created_at": "2022-04-15T12:12:07.976Z",
    "expires_at": "2022-04-16T12:12:07Z"
  }
},
{
  "model": "token_blacklist.outstandingtoken",
  "pk": 17,
  "fields": {
    "user": 3,
    "jti": "a97a151e798441368511a2fa67409faa",
    "token": "eyJ0eXAiOiJKV1QiLCJhbGciOiJIUzI1NiJ9.eyJ0b2tlbl90eXBlIjoicmVmcmVzaCIsImV4cCI6MTY1MDExMTIxMSwiaWF0IjoxNjUwMDI0ODExLCJqdGkiOiJhOTdhMTUxZTc5ODQ0MTM2ODUxMWEyZmE2NzQwOWZhYSIsInVzZXJfaWQiOjN9.IAOAHhbbaD2923Rixfn7IPU1wQKasSFk3bc1ZrvYiqQ",
    "created_at": "2022-04-15T12:13:31.892Z",
    "expires_at": "2022-04-16T12:13:31Z"
  }
},
{
  "model": "token_blacklist.outstandingtoken",
  "pk": 18,
  "fields": {
    "user": 3,
    "jti": "a1a9ca7fc4744d54989075abdab883e4",
    "token": "eyJ0eXAiOiJKV1QiLCJhbGciOiJIUzI1NiJ9.eyJ0b2tlbl90eXBlIjoicmVmcmVzaCIsImV4cCI6MTY1MDE0MTUwNiwiaWF0IjoxNjUwMDU1MTA2LCJqdGkiOiJhMWE5Y2E3ZmM0NzQ0ZDU0OTg5MDc1YWJkYWI4ODNlNCIsInVzZXJfaWQiOjN9.8tDadrTS6sUUjemj537j5H59KZDNYNUhVcYZr3nSLy4",
    "created_at": "2022-04-15T20:38:26.622Z",
    "expires_at": "2022-04-16T20:38:26Z"
  }
},
{
  "model": "token_blacklist.outstandingtoken",
  "pk": 19,
  "fields": {
    "user": 4,
    "jti": "2dfcc366393f43a3bf6fbed03cb2f290",
    "token": "eyJ0eXAiOiJKV1QiLCJhbGciOiJIUzI1NiJ9.eyJ0b2tlbl90eXBlIjoicmVmcmVzaCIsImV4cCI6MTY1MDE0MTc5NSwiaWF0IjoxNjUwMDU1Mzk1LCJqdGkiOiIyZGZjYzM2NjM5M2Y0M2EzYmY2ZmJlZDAzY2IyZjI5MCIsInVzZXJfaWQiOjR9.Eux_nvHf3qtwx4n3VdkUEpF2MC1MjPHVYhX62-ls7v4",
    "created_at": "2022-04-15T20:43:15.278Z",
    "expires_at": "2022-04-16T20:43:15Z"
  }
},
{
  "model": "token_blacklist.outstandingtoken",
  "pk": 20,
  "fields": {
    "user": 5,
    "jti": "8bf8192c89bc42888246b4c89e4217cd",
    "token": "eyJ0eXAiOiJKV1QiLCJhbGciOiJIUzI1NiJ9.eyJ0b2tlbl90eXBlIjoicmVmcmVzaCIsImV4cCI6MTY1MDE0MTg5NiwiaWF0IjoxNjUwMDU1NDk2LCJqdGkiOiI4YmY4MTkyYzg5YmM0Mjg4ODI0NmI0Yzg5ZTQyMTdjZCIsInVzZXJfaWQiOjV9.XkwK8kb54y4JVMbrP183pAX3zMB2n7KRr1yFemnRc1g",
    "created_at": "2022-04-15T20:44:56.395Z",
    "expires_at": "2022-04-16T20:44:56Z"
  }
},
{
  "model": "token_blacklist.outstandingtoken",
  "pk": 21,
  "fields": {
    "user": 4,
    "jti": "e4e1104febbc4ce4b34c2bee8c556254",
    "token": "eyJ0eXAiOiJKV1QiLCJhbGciOiJIUzI1NiJ9.eyJ0b2tlbl90eXBlIjoicmVmcmVzaCIsImV4cCI6MTY1MDE0MjU3OCwiaWF0IjoxNjUwMDU2MTc4LCJqdGkiOiJlNGUxMTA0ZmViYmM0Y2U0YjM0YzJiZWU4YzU1NjI1NCIsInVzZXJfaWQiOjR9.6Xh_Mqwel54b-FxxAwmbhKw27gO5PMeNSiTPOpPcoTE",
    "created_at": "2022-04-15T20:56:18.235Z",
    "expires_at": "2022-04-16T20:56:18Z"
  }
},
{
  "model": "token_blacklist.outstandingtoken",
  "pk": 22,
  "fields": {
    "user": 5,
    "jti": "5955d1c625904515842fb90236c257b0",
    "token": "eyJ0eXAiOiJKV1QiLCJhbGciOiJIUzI1NiJ9.eyJ0b2tlbl90eXBlIjoicmVmcmVzaCIsImV4cCI6MTY1MDE0MjcwMCwiaWF0IjoxNjUwMDU2MzAwLCJqdGkiOiI1OTU1ZDFjNjI1OTA0NTE1ODQyZmI5MDIzNmMyNTdiMCIsInVzZXJfaWQiOjV9.pRMYcB3YHbd3eXvXx73jdiZpc1N1cUPRbFgfozTrnug",
    "created_at": "2022-04-15T20:58:20.937Z",
    "expires_at": "2022-04-16T20:58:20Z"
  }
},
{
  "model": "token_blacklist.outstandingtoken",
  "pk": 23,
  "fields": {
    "user": 4,
    "jti": "22858c9054c34ab48d4bcdf181f292db",
    "token": "eyJ0eXAiOiJKV1QiLCJhbGciOiJIUzI1NiJ9.eyJ0b2tlbl90eXBlIjoicmVmcmVzaCIsImV4cCI6MTY1MDE0MzQ2OSwiaWF0IjoxNjUwMDU3MDY5LCJqdGkiOiIyMjg1OGM5MDU0YzM0YWI0OGQ0YmNkZjE4MWYyOTJkYiIsInVzZXJfaWQiOjR9.-Guvi1WaMVpqDYitEwPPYxJ1OcUKcFUj20g37OBhRsI",
    "created_at": "2022-04-15T21:11:09.770Z",
    "expires_at": "2022-04-16T21:11:09Z"
  }
},
{
  "model": "token_blacklist.outstandingtoken",
  "pk": 24,
  "fields": {
    "user": 3,
    "jti": "0cff885e89a14b22a58adb33bb1b935f",
    "token": "eyJ0eXAiOiJKV1QiLCJhbGciOiJIUzI1NiJ9.eyJ0b2tlbl90eXBlIjoicmVmcmVzaCIsImV4cCI6MTY1MDE0MzY5NywiaWF0IjoxNjUwMDU3Mjk3LCJqdGkiOiIwY2ZmODg1ZTg5YTE0YjIyYTU4YWRiMzNiYjFiOTM1ZiIsInVzZXJfaWQiOjN9.qB90K6PiueGOoCCGiPEhg1MAcOYKcTt9ogptbccKHho",
    "created_at": "2022-04-15T21:14:57.826Z",
    "expires_at": "2022-04-16T21:14:57Z"
  }
},
{
  "model": "token_blacklist.outstandingtoken",
  "pk": 25,
  "fields": {
    "user": 6,
    "jti": "2a1ab7179f8b4a91aa814b3f9a92fb04",
    "token": "eyJ0eXAiOiJKV1QiLCJhbGciOiJIUzI1NiJ9.eyJ0b2tlbl90eXBlIjoicmVmcmVzaCIsImV4cCI6MTY1MDE0NDY4NCwiaWF0IjoxNjUwMDU4Mjg0LCJqdGkiOiIyYTFhYjcxNzlmOGI0YTkxYWE4MTRiM2Y5YTkyZmIwNCIsInVzZXJfaWQiOjZ9.kq0wgVyPQqqML6auXYy6S4UiMcu1lisdXKLnXmrtmqM",
    "created_at": "2022-04-15T21:31:24.569Z",
    "expires_at": "2022-04-16T21:31:24Z"
  }
},
{
  "model": "token_blacklist.outstandingtoken",
  "pk": 26,
  "fields": {
    "user": 3,
    "jti": "beb623726fe5483c9b1e1c4bb73d2285",
    "token": "eyJ0eXAiOiJKV1QiLCJhbGciOiJIUzI1NiJ9.eyJ0b2tlbl90eXBlIjoicmVmcmVzaCIsImV4cCI6MTY1MDE0NDcyNywiaWF0IjoxNjUwMDU4MzI3LCJqdGkiOiJiZWI2MjM3MjZmZTU0ODNjOWIxZTFjNGJiNzNkMjI4NSIsInVzZXJfaWQiOjN9.uYJGVO4_alVoOPDSzxtJh_lLNR6qS31vLr8YIrwWHtM",
    "created_at": "2022-04-15T21:32:07.650Z",
    "expires_at": "2022-04-16T21:32:07Z"
  }
},
{
  "model": "token_blacklist.outstandingtoken",
  "pk": 27,
  "fields": {
    "user": 4,
    "jti": "e99761f1724446e98ef9a729380c2fc0",
    "token": "eyJ0eXAiOiJKV1QiLCJhbGciOiJIUzI1NiJ9.eyJ0b2tlbl90eXBlIjoicmVmcmVzaCIsImV4cCI6MTY1MDE1NjMzOSwiaWF0IjoxNjUwMDY5OTM5LCJqdGkiOiJlOTk3NjFmMTcyNDQ0NmU5OGVmOWE3MjkzODBjMmZjMCIsInVzZXJfaWQiOjR9.KTfkobWs2yd4aDJryb5wpOookBjZ_bz0bYsEh4yiSoY",
    "created_at": "2022-04-16T00:45:39.207Z",
    "expires_at": "2022-04-17T00:45:39Z"
  }
},
{
  "model": "token_blacklist.outstandingtoken",
  "pk": 28,
  "fields": {
    "user": 3,
    "jti": "548d0778985e4715a9166f0b7a8cf3fc",
    "token": "eyJ0eXAiOiJKV1QiLCJhbGciOiJIUzI1NiJ9.eyJ0b2tlbl90eXBlIjoicmVmcmVzaCIsImV4cCI6MTY1MDE1NjQyNCwiaWF0IjoxNjUwMDcwMDI0LCJqdGkiOiI1NDhkMDc3ODk4NWU0NzE1YTkxNjZmMGI3YThjZjNmYyIsInVzZXJfaWQiOjN9.DZL4I0fxk0PQ7RyMsyxNurZzodep8L6bnMhHU6c5LiA",
    "created_at": "2022-04-16T00:47:04.029Z",
    "expires_at": "2022-04-17T00:47:04Z"
  }
},
{
  "model": "token_blacklist.outstandingtoken",
  "pk": 29,
  "fields": {
    "user": 4,
    "jti": "8a8a06b823464b9785138ab659f3cf4d",
    "token": "eyJ0eXAiOiJKV1QiLCJhbGciOiJIUzI1NiJ9.eyJ0b2tlbl90eXBlIjoicmVmcmVzaCIsImV4cCI6MTY1MDE2OTMzNiwiaWF0IjoxNjUwMDgyOTM2LCJqdGkiOiI4YThhMDZiODIzNDY0Yjk3ODUxMzhhYjY1OWYzY2Y0ZCIsInVzZXJfaWQiOjR9.kGrcFieSXl0W10T4Yc2J_RfmVftVQ-rAJoUyw55ZAVQ",
    "created_at": "2022-04-16T04:22:16.516Z",
    "expires_at": "2022-04-17T04:22:16Z"
  }
},
{
  "model": "token_blacklist.outstandingtoken",
  "pk": 30,
  "fields": {
    "user": 5,
    "jti": "1eb4a3bc0be048d382a7e4d469b0c151",
    "token": "eyJ0eXAiOiJKV1QiLCJhbGciOiJIUzI1NiJ9.eyJ0b2tlbl90eXBlIjoicmVmcmVzaCIsImV4cCI6MTY1MDE3MTIzMCwiaWF0IjoxNjUwMDg0ODMwLCJqdGkiOiIxZWI0YTNiYzBiZTA0OGQzODJhN2U0ZDQ2OWIwYzE1MSIsInVzZXJfaWQiOjV9.QtCpraDpdADPJgmuC0Y2GuyHjHDh5OTWwYowF-0szrE",
    "created_at": "2022-04-16T04:53:50.883Z",
    "expires_at": "2022-04-17T04:53:50Z"
  }
},
{
  "model": "token_blacklist.outstandingtoken",
  "pk": 31,
  "fields": {
    "user": 3,
    "jti": "82ab658bcbff48b0a147d1c007c781ad",
    "token": "eyJ0eXAiOiJKV1QiLCJhbGciOiJIUzI1NiJ9.eyJ0b2tlbl90eXBlIjoicmVmcmVzaCIsImV4cCI6MTY1MDE3MTM0MSwiaWF0IjoxNjUwMDg0OTQxLCJqdGkiOiI4MmFiNjU4YmNiZmY0OGIwYTE0N2QxYzAwN2M3ODFhZCIsInVzZXJfaWQiOjN9.1DPqTdZZzbCyqMc9y7jzwdKHu8h74O2741aWButkl4M",
    "created_at": "2022-04-16T04:55:41.125Z",
    "expires_at": "2022-04-17T04:55:41Z"
  }
},
{
  "model": "token_blacklist.blacklistedtoken",
  "pk": 1,
  "fields": {
    "token": 1,
    "blacklisted_at": "2022-04-15T02:16:43.849Z"
  }
},
{
  "model": "token_blacklist.blacklistedtoken",
  "pk": 2,
  "fields": {
    "token": 2,
    "blacklisted_at": "2022-04-15T06:56:03.511Z"
  }
},
{
  "model": "token_blacklist.blacklistedtoken",
  "pk": 3,
  "fields": {
    "token": 3,
    "blacklisted_at": "2022-04-15T07:03:16.752Z"
  }
},
{
  "model": "token_blacklist.blacklistedtoken",
  "pk": 4,
  "fields": {
    "token": 4,
    "blacklisted_at": "2022-04-15T07:04:58.678Z"
  }
},
{
  "model": "token_blacklist.blacklistedtoken",
  "pk": 5,
  "fields": {
    "token": 5,
    "blacklisted_at": "2022-04-15T07:18:40.526Z"
  }
},
{
  "model": "token_blacklist.blacklistedtoken",
  "pk": 6,
  "fields": {
    "token": 6,
    "blacklisted_at": "2022-04-15T07:45:38.094Z"
  }
},
{
  "model": "token_blacklist.blacklistedtoken",
  "pk": 7,
  "fields": {
    "token": 7,
    "blacklisted_at": "2022-04-15T07:46:05.815Z"
  }
},
{
  "model": "token_blacklist.blacklistedtoken",
  "pk": 8,
  "fields": {
    "token": 8,
    "blacklisted_at": "2022-04-15T07:51:11.384Z"
  }
},
{
  "model": "token_blacklist.blacklistedtoken",
  "pk": 9,
  "fields": {
    "token": 9,
    "blacklisted_at": "2022-04-15T09:31:09.436Z"
  }
},
{
  "model": "token_blacklist.blacklistedtoken",
  "pk": 10,
  "fields": {
    "token": 10,
    "blacklisted_at": "2022-04-15T09:34:47.932Z"
  }
},
{
  "model": "token_blacklist.blacklistedtoken",
  "pk": 11,
  "fields": {
    "token": 11,
    "blacklisted_at": "2022-04-15T11:44:00.753Z"
  }
},
{
  "model": "token_blacklist.blacklistedtoken",
  "pk": 12,
  "fields": {
    "token": 12,
    "blacklisted_at": "2022-04-15T11:53:46.520Z"
  }
},
{
  "model": "token_blacklist.blacklistedtoken",
  "pk": 13,
  "fields": {
    "token": 13,
    "blacklisted_at": "2022-04-15T12:08:21.439Z"
  }
},
{
  "model": "token_blacklist.blacklistedtoken",
  "pk": 14,
  "fields": {
    "token": 14,
    "blacklisted_at": "2022-04-15T12:09:07.704Z"
  }
},
{
  "model": "token_blacklist.blacklistedtoken",
  "pk": 15,
  "fields": {
    "token": 15,
    "blacklisted_at": "2022-04-15T12:11:54.142Z"
  }
},
{
  "model": "token_blacklist.blacklistedtoken",
  "pk": 16,
  "fields": {
    "token": 16,
    "blacklisted_at": "2022-04-15T12:13:11.632Z"
  }
},
{
  "model": "token_blacklist.blacklistedtoken",
  "pk": 17,
  "fields": {
    "token": 17,
    "blacklisted_at": "2022-04-15T12:23:20.215Z"
  }
},
{
  "model": "token_blacklist.blacklistedtoken",
  "pk": 18,
  "fields": {
    "token": 18,
    "blacklisted_at": "2022-04-15T20:39:31.844Z"
  }
},
{
  "model": "token_blacklist.blacklistedtoken",
  "pk": 19,
  "fields": {
    "token": 19,
    "blacklisted_at": "2022-04-15T20:44:41.476Z"
  }
},
{
  "model": "token_blacklist.blacklistedtoken",
  "pk": 20,
  "fields": {
    "token": 20,
    "blacklisted_at": "2022-04-15T20:50:05.543Z"
  }
},
{
  "model": "token_blacklist.blacklistedtoken",
  "pk": 21,
  "fields": {
    "token": 21,
    "blacklisted_at": "2022-04-15T20:58:06.578Z"
  }
},
{
  "model": "token_blacklist.blacklistedtoken",
  "pk": 22,
  "fields": {
    "token": 22,
    "blacklisted_at": "2022-04-15T21:10:49.998Z"
  }
},
{
  "model": "token_blacklist.blacklistedtoken",
  "pk": 23,
  "fields": {
    "token": 23,
    "blacklisted_at": "2022-04-15T21:14:47.275Z"
  }
},
{
  "model": "token_blacklist.blacklistedtoken",
  "pk": 24,
  "fields": {
    "token": 24,
    "blacklisted_at": "2022-04-15T21:30:27.148Z"
  }
},
{
  "model": "token_blacklist.blacklistedtoken",
  "pk": 25,
  "fields": {
    "token": 25,
    "blacklisted_at": "2022-04-15T21:31:54.890Z"
  }
},
{
  "model": "token_blacklist.blacklistedtoken",
  "pk": 26,
  "fields": {
    "token": 26,
    "blacklisted_at": "2022-04-16T00:45:25.491Z"
  }
},
{
  "model": "token_blacklist.blacklistedtoken",
  "pk": 27,
  "fields": {
    "token": 27,
    "blacklisted_at": "2022-04-16T00:46:54.807Z"
  }
},
{
  "model": "token_blacklist.blacklistedtoken",
  "pk": 28,
  "fields": {
    "token": 28,
    "blacklisted_at": "2022-04-16T04:22:00.304Z"
  }
},
{
  "model": "token_blacklist.blacklistedtoken",
  "pk": 29,
  "fields": {
    "token": 29,
    "blacklisted_at": "2022-04-16T04:53:35.849Z"
  }
},
{
  "model": "token_blacklist.blacklistedtoken",
  "pk": 30,
  "fields": {
    "token": 30,
    "blacklisted_at": "2022-04-16T04:55:09.853Z"
  }
}
]
